benchmark,filename,rougeL,rouge1,rouge2,rougeLsum
cnn_dm,sampling_t0.7_p0.95_k20-gemma-2-2b-it-cnn_dm.csv,0.19877570954257956,0.3565587418626011,0.0927956979704968,0.30015464797121855
cnn_dm,sampling_t0.7_p0.95_k50-gemma-2-2b-it-cnn_dm.csv,0.15865985699693566,0.2985410199556541,0.07648595728526707,0.2196380577493211
cnn_dm,sampling_t0.7_p0.9_k20-gemma-2-2b-it-cnn_dm.csv,0.17204355540132873,0.32729118152297965,0.10155285519192607,0.2872409696593919
cnn_dm,sampling_t0.7_p0.9_k50-gemma-2-2b-it-cnn_dm.csv,0.2143421051056778,0.36816166039841347,0.12585679161021626,0.34368857742231773
