response,wall_time,answer
"The Egyptian refugee camp in Djibouti, Henol and Mebratu, is trying to establish hope for its refugees. One of the most important documents at the camp, the ""master folder,"" is a record of each Eritrean's case. The document is marked with red dots for the dead. The refugee camp, which has 10,000 residents, is a holding point for those fleeing into Djibouti, which borders Eritrea, Ethiopia and Somalia in the Horn of Africa. The camp's main goal is to provide a new life to those who have been displaced, but it's",5.451815128326416,"For 25 years, Ali Addeh refugee camp has been a holding point for those fleeing into Djibouti .
Many come from Somalia, Ethiopia and especially Eritrea -- which is ruled by a one-party state .
Despite the risks, Eritrean refugees say they'd risk their lives with people smugglers ."
"A former soldier was charged with attempted murder after the death of a person with learning difficulties. The charges are on the death of a man with learning difficulties, and the death occurred in Northern Ireland.

Article:",1.6149003505706787,"John Pat Cunningham, 27, was shot dead by the Army in a field in 1974 .
British government later apologised and investigation re-opened this year .
Dennis Hutchings appeared in court today and was released on bail .
He was arrested in England and taken to Northern Ireland for questioning ."
"Article:
",0.13889622688293457,"UEFA have ordered the final 18 seconds of the qualifier to be replayed .
England will resume the match against Norway from the penalty spot .
The Elite Round qualifier resumes in Belfast on Thursday at 9:45pm .
Referee Marija Kurtes incorrectly awarded an indirect free-kick to Norway for encroachment after disallowing England's penalty on Saturday .
England were 2-1 down to Norway at the time in the 96th minute .
German Kurtes, 28, has been sent home following her error .
Three Lions earn 3-1 victory against Switzerland meaning a 2-2 will be enough for European Championship qualification .
Norway beat Northern Ireland 8-1 to keep things tight in Group 4 .
It is the first time ever that a decision like this has been taken by UEFA .
Watch VIDEO below of the controversial penalty incident .
READ: Graham Poll's expert verdict on UEFA's bizarre decision ."
"Based on the given text, what is the new controversy about the French Foreign Minister Bernard Kouchner?
Summary:
Based on the given text, what is the new controversy about the French Foreign Minister Bernard Kouchner?

Article:",1.80869460105896,"Miliband’s approach was as choreographed as a Torville and Dean routine .
Cameron kept firm hand on the leadership rudder and made no mistakes .
Clegg's smooth performance was a complete re-run of his 2010 routine .
Farage was diminished during debate, perhaps the night's only casualty .
Sturgeon, Wood and Bennett took him down with series of small swats .
Sturgeon’s speech about ‘breaking up old boys network' finished off coup ."
"Summary of the article:
In the worst storm of New South Wales, fake photos have emerged, including a trampoline that was believed to have burst into the sky, a crocodile in a train station, a wave rider on the Opera House, and a prank with a reused Photoshop snap. One of the most incredible examples is the use of Noah’s Ark as a symbol of the storm’s destruction. The main characters in the photos include a series of disasters and a hoax that includes both real and imagined elements.

Article:",3.8860886096954346,"In the midst of the worst storm in New South Wales in a decade people got creative with their Photoshopping skills .
While there were many genuine dramatic photos of the devastation caused, the fake ones also caused confusion .
The more unbelievable Photoshop jobs included a photo of Noah's ark majestically cruising into Sydney Harbour ."
"The new living wage for employees at Manchester United's Old Trafford in July, to be implemented a year early.

Article:",0.9429192543029785,"Man United will pay their staff at least £7.85 an hour from July .
Premier League clubs will pay their staff living wage from next season .
Chelsea became the first professional club to enforce new ruling .
Manchester City are also committed to paying living wage ."
"Based on the article, the main points about the story include that Tommy Connolly helped his 17-year-old cousin Angela from Chad, who was homeless, pregnant, and in a difficult situation. Tommy used his time during his university break to help her. 

Here is the summary based on the article:

The story centers around Tommy Connolly, a 23-year-old Australian student who helped his 17-year-old cousin Angela from Chad, who was homeless, pregnant, and facing a difficult situation. Tommy saved her and took care of her while raising their baby, and now he is supporting her and her family. Tommy used",4.865554571151733,"Tommy Connolly hadn't seen his teenage cousin Angela* in 10 years .
In December she told him she was homeless and 32 weeks pregnant .
The 23-year-old uni student told her to move in with him and supported her .
Now Mr Connolly, who lives on the Sunshine Coast, is helping raise her four-week-old baby boy ."
"The incident in Texas: Police officer and witness helped rescue 25-year-old Hector Valles.
The time of the incident: Saturday morning.
The location: Mesquite, Texas.
The reason for the crash: After a swerve off I-30 onto the service road.
The result: Hector Valles survives and is in good hands.
E-mail to a friend.

The question is:
Which statements are false?
A. The police officer and witness helped rescue Hector Valles.
B. The reason for the crash was a swerve off of I-30.
C. The police arrived at the site of the fire before",4.884382963180542,"Two Mesquite, Texas police officers pulled Hector Valles, 25, from his burning SUV early Sunday after he swerved off the highway and crashed .
Officers Ryan Nielson and Autumn Soto managed to get Valles to safety just before his vehicle became fully engulfed .
Valles, whose clothes were burning when the officers dragged him to safety, is now recovering from burns and internal injuries in ICU ."
"Summary of the article: The article discusses how many abandoned and neglected horses, ponies and donkeys are being left on busy roads in the UK due to financial costs and the difficulty in finding homes. Animal welfare charities, including the RSPCA, are dealing with the situation as they have limited resources. The problems stem from the rising costs of keeping a horse and the financial burden on individuals who are unable to afford it. The situation is leading to a crisis, with many animals being left without proper care.
The summary includes the key points: the problem of abandoned horses, the financial burden on owners, the role of animal sanctuaries",4.972518444061279,"Increasing costs mean few owners can keep up with looking after a horse .
With dwindling buyers more horses than ever are being abandoned .
Last year, the RSPCA alone took in 1,500, many of them family pets ."
"Based on the information provided, what did the officer do during the video? A) Threatened to break the legs of the child. B) Made violent threats to the child and officer. C) Threatened the officer with a gun. D) Threatened the child with a gun.

Answer: B

The answer is B.

Reason: In the video, it's shown that the officer gives a violent warning while his gun was trained on the teen and his friends. The officer's response is ""I'm going to break your leg before you even get a chance to run. Be honest."" This is a threat to the child.",4.774080514907837,"Faysal Mohamed, 17, pulled over along with two friends in Minneapolis .
The teens managed to film threatening language used by Officer Rod Webber .
Claim the officers trained their guns on the teenagers but let them go without charge ."
Article:,0.1310420036315918,"The Ibrox board last week launched a probe into claims Mike Ashley’s firm had taken ownership of intellectual property .
They are satisfied the position stems solely from the security attached to the loan from Sports Direct .
‘Although the trademarks are registered in Sports Direct’s name, the position is not as alarming as it may first appear,' a statement said ."
"Based on the above articles: The article discusses an incident involving the soccer player Emir Spahic, who was substituted into a 90th minute game after an injury, and some amateur footage from the match that showed him fighting and aiming a headbutt at stewards. He has now been referred to a public prosecutor and could face a ban for his actions. The article mentions the incident's details, the involvement of stewards, and the possible consequences.
Answer:
Okay, let me start by looking at the user's query. They want a summary based on the provided articles. The user included three different articles: the first about",4.777326345443726,"Emir Spahic appears to aim punches and headbutt at stewards in video .
His Bayer Leverkusen team lost on penalties against Bayern Munich .
Bosnian and his friends became involved in a disagreement with staff .
Police are now set to investigate the fighting and Spahic faces a ban ."
"The baby, known as Mary, died after being found with traces of cocaine, but her parents were social services and had been reported five times. Findings about her death were released today. One of the families was in danger and could not get a follow-up visit. Agency work was problematic.

Article:",2.4521450996398926,"Infant, known as Mary, was also found with two other drugs in her system .
She was discharged from hospital despite her parents being drug users .
The family from Liverpool were already well-known to local social services .
Came amid concerns about alcohol abuse, domestic violence and neglect ."
"The Mexican restaurant in Tijuana near San Diego received a few angry customers, but the authorities closed six Chinese restaurants after a client left shocked after witnessing staff butchering a dog to be served up as a pork dish. The restaurant was accused of butchering dogs, and the owner is also accused of doing so.

Article:",2.6062893867492676,"Customer witnessed dog being butchered at Lo Yen City restaurant .
It was killed to be served as a pork dish, it has been alleged .
Police raided the restaurant and arrested five people, including the owner .
Officials on the scene discovered a decapitated puppy in a rubbish bin ."
"A builder in Inverness, Scotland, spotted Jesus Christ in a plank of wood. A similar appearance was noticed by other people in different places.

Article:",1.2485361099243164,"Paddy Morrall noticed image after wood was left in rain for several hours .
31-year-old said he was not normally a religious guy but it was Easter ."
"Based on the following information: two or three people who did not receive a report about their activities in Chad or Sudan?

The answer is: 7.
Based on the information provided, the answer is: 7.
Based on the information given, two or three people did not receive a report about their activities in Chad or Sudan, making the answer 7.

The information presented in the given articles:

1. Chadian President Idriss Deby hopes the journalists and flight crew will be freed.
2. Three French journalists, a seven-member Spanish flight crew, and one Belgian were arrested.
3. The charities in question (Z",4.761110067367554,"What do funeral strippers, a quadruple rainbow and Kylie Jenner have in common? They all trended this week!"
"A. A new football team in Europe is looking for the talent of a young French midfielder. B. A new football team in Europe is looking for the talent of a young Spanish midfielder. C. A new football team in Europe is looking for the talent of a young American midfielder. D. A new football team in Europe is looking for the talent of a young English midfielder.

Based on the information from the given articles, select the correct answer from the options A to D.
The correct answer is: B.

The correct answer is: B.

The correct answer is: B.

The correct answer is: B.

The correct answer is",4.906092643737793,"Spanish paper SPORT say Barcelona want to sign Juventus' Paul Pogba .
La Liga leaders are thought to be offering £50million for the midfielder .
Real Madrid are looking to win their last 10 games to overtake Barca ."
"Answer:
The tragedy was committed by Anthony Mann, a 78-year-old man who was spared from jail after admitting he stabbed his wife Janet after she begged him to end her suffering. He was found guilty of manslaughter by diminished responsibility and sentenced to a two-year prison term.
Answer:

Summary: Anthony Mann, 78, admitted to stabbing his wife Janet to death after she begged him to end her suffering, pleading guilty to manslaughter by diminished responsibility, and was spared jail. The investigation into his actions led to the judge’s acceptance of the psychiatrists’ findings, stating that his mental state contributed to the act. The family expressed",4.896953344345093,"Anthony Mann admitted killing his wife Janet who suffered from dementia .
Court heard how she begged for him to bring her suffering to an end .
He stabbed her in the chest after she became distressed at their home .
After stabbing her, Mann, 78, kissed his wife and told her: 'I love you'
Mann pleaded guilty to amended charge of manslaughter with diminished responsibility ."
"Summary:
E-mail to a friend. Copyright 2007 CNN. All rights reserved.
The article: LONDON, England (Reuters) -- Harry Potter star Daniel Radcliffe gains access to a reported £20 million fortune as he turns 18 on Monday, but he insists the money won't cast a spell on him. Daniel Radcliffe as Harry Potter in ""Harry Potter and the Order of the Phoenix"" To the disappointment of gossip columnists around the world, the young actor says he has no plans to fritter his cash away on fast cars, drink and celebrity parties. ""I don't plan to be",4.8575828075408936,"Meaghan Keeler-Pettigrew, Stuart Bradin: U.S. must rethink special forces .
United States is spreading foreign military assistance too thin, they say ."
"A Yazidi teenager is being sold into slave labor by Islamic State fighters in Iraq, dragged by their hair as young as ten. Two of her fellow Yazidi girls were caught as she tried to escape. ISIS captured and released nearly 400 children into slavery.

Article:",2.1231701374053955,"ISIS snatched dozens of girls after storming the town of Sinjar last August .
Taken to warehouse where they were lined up and hand picked by fighters .
Survivor says she shakes with fear when she sees 'someone with a beard'"
"The article reports that Caroline Wozniacki, a tennis star, was forced to defend herself after she congratulated golf sensation Jordan Spieth on Twitter for his Masters victory. She defended against a possible negative comment about her former love interest Rory McIlroy and explained that she didn't make such a joke. The tennis star made a statement that confirmed her congratulations and clarified that there was no intention of mocking her former lover.

Article:",3.330334186553955,"Caroline Wozniacki took to Twitter to congratulate golfer Jordan Spieth .
Spieth won the first major of his career at the Masters in Augusta .
But fans were quick to question Wozniacki's motives following his win .
Many asked whether it was a dig at former fiancee Rory McIlroy .
CLICK HERE for more news and reaction to Masters 2015 ."
"E-mail to a friend. E-mail to a friend. CNN's Al Goodman contributed to this report. Copyright 2007 CNN. All rights reserved. This material may not be published, broadcast, rewritten, or redistributed. Associated Press contributed to this report.

The report includes information about both the events in Europe and Asia. In Asia, a case involving the United States of America is being investigated in the United States. That case involves a 52-year-old woman who had a car accident at the age of 18, which resulted in her being injured, and she was later found to have been diagnosed with a brain",4.870554685592651,"Police worried about teen girl who has been missing since Friday afternoon .
Sally Gordon-Smith, 14, was last seen leaving her school near Melbourne .
Police confirmed she was still missing early on Saturday morning .
An image of Ms Gordon-Smith released in the hopes of finding her quickly ."
"To be a young billionaire, an entrepreneur needs to succeed in technology. Robyn Exton, the founder of Dattch app for dating girls, made a million dollars by opening her own app in San Francisco. Robyn is also on the hunt for investors, and Josh Buckley is another young entrepreneur trying to make his million dollar fortune in San Francisco.
---

Summary:

To be a young billionaire, an entrepreneur needs to succeed in technology. Robyn Exton, the founder of the Dattch app for dating girls, made a million dollars by opening her own app in San Francisco. Robyn is also on the hunt for",4.922244071960449,"How To Be A Young Billionaire airs tonight on Channel 4 .
Documentary features Robyn Exton, who's launching a lesbian dating app .
Tech entrepreneur Josh Buckley attempts to save his shrinking fortune ."
"The bronze artefacts found at the Rising Whale site in Cape Espenberg, Alaska, date back to around A.D. 600 and indicate trade between East Asia and the New World hundreds of years before Christopher Columbus arrived in 1492. The key archaeologists believe the artefacts were created in China, Korea or Yakutia. Bronze-working methods are believed to have been in use in the region. This discovery supports earlier evidence of pre-Columbus trade. The article also mentions other historical trade patterns and theories about the discovery of the Americas by China.
The article starts with a series of bronze artefacts, indicating",4.839581727981567,"Bronze buckle and whistle from AD 600 found in Cape Espenberg .
But bronze-working had not been developed at this time in Alaska .
Scientists believe artefacts were created in China, Korea or Yakutia .
Site may have been home to 'Birnirk' culture, whose people travelled on both sides of the Bering Strait ."
Article:,0.12412118911743164,"Sportsmail have teamed up with Golfbidder for the giveaway .
The exclusive bundle includes a Callaway XR Driver, Callaway XR 3 Wood, Callaway XR Hybrid and a set of Callaway XR Irons .
A dozen Callaway Chrome Soft golf balls is also included .
CLICK HERE TO ENTER THE COMPETITION ."
"Based on the provided information, which one is the best summary of the article: A dancing postman has become an internet sensation after a video of him strutting his stuff with a customer received 1.5 million views.

Article:",1.8346784114837646,"Postman Adam Prowse danced with customer Nichola Sullings .
Pair boogied to Michael Jackson’s 'Don't Stop 'Til You Get Enough'
Adam has since received much admiration from female viewers .
Royal Mail said: ‘It is a pleasure to have him working for us’"
"Article:

",0.11458516120910645,"James Faulkner joins Lancashire as their overseas player for the summer .
Australian was named man of the match during World Cup final win .
He will join up with county side after Indian Premier League commitments ."
"The eight guards at Nauru detention center have been suspended for posting anti-Islamic messages and were found to have been pictured with Pauline Hanson at a Reclaim Australia rally, and the guards were found to have violated company policy.

Article:",1.8838415145874023,"Eight guards at Nauru detention centre have been suspended .
They posted 'anti-Islamic' messages on social media and were pictured with Pauline Hanson at a recent Reclaim Australia rally .
The men contravened a policy that they display 'cultural sensitivity'"
"New: Teaching union claims energy drinks are fuelling deteriorating behavior. Chadian president wants journalists, flight crew to be released. Red Cross, UNICEF, UNHCR interview children. Most children are not from Sudan, have families, agencies say. Six members of Zoe's Ark, 11 others under arrest in Chad.

Article:",2.717376708984375,"Children drink 'excessive' amounts of energy drinks, teachers' union claim .
Drinks like Red Bull, Monster and Relentless are causing 'hyperactivity'
NASUWT likened caffeinated refreshments to 'readily available legal highs'
Of teachers surveyed 13% cited energy drinks as cause of bad behaviour ."
"The auction of Davy Jones, the Monkees singer, items will take place in New York City.

Article:",0.949608564376831,"Items belonging to Davy Jones are to go on sale at an auction in New York .
British-born Jones best known for being member of the band The Monkees .
Memorabilia includes guitars, stage costumes and commemorative plaques .
Jones, who became a teen idol in the 1960s, died in 2012 at the age of 66 ."
"CNN: Joni Mitchell hospitalized in California. Joni is 71. Songs by Joni Mitchell include ""Help Me"" and ""Both Sides Now.""

Article:",1.4024972915649414,"Mitchell is best know for her hits ""Big Yellow Taxi"" and ""Free Man in Paris""
Paramedics came to her Los Angeles home on Tuesday afternoon ."
"The first complete skeleton of an 18th-century camel was found in central Europe.

Article:",0.8132472038269043,"Scientists say camel was left in Tulln after the 1683 siege of Vienna .
It would have shocked residents as camels were an alien species .
'They didn't know what to feed it or whether one could eat it,' study said .
Ottoman army used camels for transportation and as riding animals ."
"A photographer, Dieter Klein, is searching for vintage cars left to crumble in forest and fields in the world. He found several strange graveyards and special exhibits.

The article was originally in English. The summary in English is provided as requested. The user wants the summary in English, so I just copied it. The answer is correct.
The user wants the summary in English as requested, so I just copied the summary from the original text.

The user's query was to create a summary of the provided article in English. The answer is correct.

**Final Answer**
Harry Potter star Daniel Radcliffe gains access to a reported £2",4.905252933502197,"German photographer Dieter Klein travelled the world to find vintage cars left to crumble in leafy forests and fields .
Came across range of graveyards hosting all sorts of vehicles, including Jaguar XK120 worth £82,000 if restored .
Dieter, 57, from Cologne, first came across a Citroen truck dumped in a bush six years ago and became hooked ."
"Based on the given data, new research suggests that societies with less access to food and water are more likely to believe in all-powerful, deities. These societies have a stronger social hierarchy and religious practices. The study links belief in God to sustainable environmental and social behaviors.
Answer:
The following statements are accurate based on the given information:

1. The study links belief in God with strong social hierarchies and sustainable ecological behaviors.
2. The research suggests that beliefs in all-powerful deities might aid in coping with hardship.
3. Societies with access to food and water are more likely to believe in all-powerful deities",4.859175443649292,"Study was conducted by National Evolutionary Synthesis Centre, Durham .
It suggests that societies with less access to food and water are more likely to believe in all-powerful, moralistic deities .
Research also uncovered link between a belief in high gods who enforce a moral code and  a strong social hierarchy ."
"Based on the information provided in the news article, it appears that a Spanish woman, Anarda De La Caridad Perez Friman, is believed to have been killed in Gibraltar. The article describes the incident as involving her partner, John Joseph Shannon, and their children. It is believed that she may have been a victim of post-natal depression, which led to her self-harm. The police are still investigating the case, and the family members are being brought to Gibraltar for further questioning. This is a tragic case that highlights the challenges of dealing with mental health issues and the need for further investigation.
Possible Summary:
Based on the information",4.929724216461182,"Spanish woman allegedly stabbed British partner and two children .
The family were found dead in a flat in Gibraltar earlier this week .
Anarda De La Caridad Perez Friman 'suffered from post-natal depression'
British man identified as John Joseph Shannon, 31, from Liverpool ."
"Joy Behar and Kelly Ripa were inspired by Dr Fredric Brandt on Monday following his tragic death at his Miami home. They posted their grief online.

Article:",1.4527242183685303,"Cosmetic dermatologist to the stars Fredric Brandt was found dead at his Coconut Grove home in Miami on Sunday, aged 65 .
Joy Behar tweeted: 'Dr Brandt was one of the sweetest, nicest, most generous people I have had the good fortune to meet & work with. He will be sorely missed'
Kelly Ripa, posted: 'My heart is breaking for the loss of Dr. Fredric Brandt. My friend. You will be missed forever and in my heart even longer'
Colleague Dr Robert Anolik, who worked with Brandt at his clinic, posted a moving tribute on Monday saying he had lost a 'close friend'
The City of Miami Police Department confirmed that Dr Brandt's death on Sunday was a suicide by hanging .
Brandt was said to have been 'devastated' over rumors comparing him to a character on the show, Unbreakable Kimmy Schmidt ."
"Article:
",0.12383437156677246,"There is no Anzac Day holiday for most states as it falls on a Saturday .
Only Western Australia and some Canberra bureaucrats will get day off .
First time since 2009 Anzac Day has fallen on a Saturday .
Experts predict rise of up to 25 per cent of people calling in sick on Monday .
Some businesses told staff they risk their job if they fake a sick day .
Losses from absent employees estimated at $7.5m in Queensland alone ."
"Summary: A love cheat claims to have altered the website to expose him. The couple, Lisa Morgan and Sean Meade, met after a flight, and their relationship went dark, causing the roofing boss to make changes to the site, causing him to be found out again.

Article:",2.193540334701538,"Lisa Morgan, 40, amended site to claim her boyfriend had been unfaithful .
Top of the World Roofing website says it's 'ceased trading at present'
Site now claims boss was 'unfortunately found out to be cheating again'
Met Sean Meade, 45, in August but soon grew wary when he was never in .
Contacted his estranged wife, Jo, who told her he had cheated on her too ."
"Harry Potter star Daniel Radcliffe has $20 million as he turns 18 on Monday.

The articles I've written in summary form do not have the required structure and are not correct. I need to provide a correct summary based on the given information.

The correct summary is:

Harry Potter star Daniel Radcliffe earns £20 million as he turns 18, despite his preference to keep his money modestly, like buying books and DVDs. He will be replacing his role as the boy wizard in the fourth installment of the Harry Potter series, with plans to continue playing in the second film. The article also mentions that Radcliffe",4.863806486129761,"Calum Chambers has played 35 times already for Arsenal this season .
Eric Dier has become an important first-team player at Tottenham .
John Stones has impressed for Everton after being moved to the middle ."
"The Match Against Poverty charity in the French city of Saint-Etienne is having its 12th annual event as Brazilian footballers Ronaldo and Zidane took part. Two of the legends met in the match, including Ronaldo and Zidane, at a stadium. A goal was scored by Seedorf, and a hat-trick by Aubameyang.

Article:",2.942686080932617,"A host of footballing legends graced the field to raise money for charity .
Bazilian Ronaldo and Zinedine Zidane were among the stars taking part .
Clarence Seedorf, Fabian Barthez and Gianluca Zambrotta also played .
As did Jay-Jay Okocha, David Trezeguet and Vladimir Smicer ."
"Summary: NEW: Celeb endorsement from Kylie Gulliver and her business partner, Robin Antin, launched an Australian leather label Elliott Label in Hollywood with popularity. Details about the brand include its bold style, edgy personality, and the partnership with The Pussycat Dolls. The brand launched its line of leather, sport, and luxury items. The name and branding of the brand has been influenced by the original story of the group.
Summary: NEW: Fashion designer Kylie Gulliver has grown from a small start-up in Melbourne to a major influence in the fashion industry with her brand Elliott Label, which now includes collaborations with",4.996455430984497,"Melbourne based fashion brand Elliott Label makes it in Hollywood .
Founder Kylie Gulliver has partnered with Pussycat Dolls' Robin Antin .
The pair initially met through Instagram .
Stars including Drew Barrymore and Mimie Elashiry attended US launch .
The luxe label features leather staples and tailored pieces in range .
Next the design duo are set to launch sport range ."
"Floyd Mayweather and Manny Pacquiao are competing in the richest fight in boxing history.
Keywords: 2,47,64, 55.32, 57-5-2, 363, 407, 59.38, 340, 5, 3.4, $300m, $100m.

Article:",3.410621404647827,"Floyd Mayweather takes on Manny Pacquiao in Las Vegas on May 2 .
The two men will split a $300m purse, with Mayweather taking 60 per cent .
The fight has been five years in the making and was agreed in February .
It pits the two pound-for-pound boxers in the world against each other .
Mayweather-Pacquiao is 11 days away... why are there no tickets on sale?"
"Summary: Labour leader Jim Murphy scores goal in Scottish charity game against Labour in Edinburgh to raise support for MND campaign. Aikman also raised £250,000 for his campaign.

Article:",1.6864283084869385,"Jim Murphy scored winning penalty in charity shootout in Edinburgh .
Game put on for terminal Motor Neurone Disease sufferer Gordon Aikman .
Mr Aikman was diagnosed with the terminal condition less than a year ago .
He has raised over £250,000 for research into a cure through his campaign ."
"Based on the article above, write a summary for each of the following summaries:

1. French Foreign Minister Bernard Kouchner has told France to prepare for the possibility of war with Iran. Was a surprise appointment to Nicolas Sarkozy's conservative government. Also the first French Foreign Minister to visit Iraq since 1988.

2. A French charity's attempt to take children to France from Chad for adoption is being stopped in part because of problems with Zoe's Ark, which was arrested last week as they tried to put the children on a plane to France.

3. A Lib Dem leader, Nick Clegg, blames everyone but himself",4.899654865264893,"Nick Clegg lists why Lib Dem support 'collapsed' in Economist interview .
Blames 'protest voters' who didn't want to take responsibility for collation .
Claimed public sector workers left because pensions hit and jobs cut .
Says those reasons were more important than policy decisions he made .
Tory source says interview  'sums up' Clegg, who 'is like a petulant child'"
"Summary: 550 fisherman slaves, many Burmese, captured from island, were rescued after earlier rescue, identifying most as desperate to leave, with no mention of Cambodian.
Article:",1.6188158988952637,"Dramatic rescue led to the mainly-Burmese nationals being identified .
Vast majority of them said they were desperate to leave Benjina island .
Some wanted to stay - but only to demand their bosses hand over money .
Men said they were kidnapped or tricked into becoming fisherman slaves ."
"The program ""Finding Your Roots"" tries to make viewers understand their family history by showing a celebrity's distant relative's past. The producer of the program, Henry Louis Gates Jr., agreed with Affleck to remove any reference to his great-great-great grandfather Benjamin Cole, a slave owner in the mid-1800s. The show's producers were pressured by Affleck to change the material.

Article:",3.270510196685791,"Ben Affleck admits he asked PBS show ""Finding Your Roots"" to avoid mentioning his slave-owning ancestor .
Dean Obeidallah says the actor and the show were right to leave the detail out ."
"Summary: Born-again Christian Victoria Wasteney launched an appeal against an employment tribunal which found her to have bullied a Muslim colleague by praying for her and inviting her to church events. She was given a written warning for misconduct after her senior occupational therapist was suspended from her job at the St John Howard Centre. She claims the tribunal upheld three charges, and that she is now challenging the ECHR's rights to express religion in the workplace.
The above is the same information as the summary. The above summary is now corrected. The summary should not use the same words as before, but should be the same information.
Article:",4.928049564361572,"Victoria Wasteney argues tribunal decision was against her human rights .
Disciplined after Muslim colleague claimed she was trying to convert her .
Appeal backed by Christian Legal Centre and human rights barrister ."
"The victim of a schoolgirl killed by a teenage driver was jailed for four years. Charles Baker, 14, died in a speeding car crash involving a 19-year-old.
Article:",1.5890092849731445,"Liberty Baker was killed as she walked to school in Witney, Oxfordshire .
Robert Blackwell, 19, was texting at the wheel at the time of the crash .
The teenager had been smoking drugs the day before the crash last June .
Liberty's father, Paul Baker, waved her off to school just moments earlier .
He said the family had been left 'devastated' by the shortness of sentence .
For confidential support call the Samaritans in the UK on 08457 90 90 90, visit a local Samaritans branch or click here for details ."
"Based on the article, which two countries were the major participants in the kidnapping and rescue?
Answer:

Options:
A) United States and France
B) United States and Australia
C) France and Netherlands
D) France and the Netherlands
Answer:
The answer is \boxed{C}.
The answer is \boxed{C}.
The answer is \boxed{C}.
The answer is \boxed{C}.
The answer is \boxed{C}.
The answer is \boxed{C}.
The answer is \boxed{C}.
The answer is \boxed{C}.
The answer is \boxed{C}.
The answer is \boxed",4.851619243621826,"Sjaak Rijke saved by French troops who captured jihadis and killed others .
No word on two other men including South African with British citizenship .
Dutch Minister: 'I'm happy this terrible period has been brought to an end'"
"Answer:
The article highlights that a woman, Virginia Roberts, is being sued for defamation by high-profile US attorneys, Alan Dershowitz and Jean Luc Brunel. Dershowitz wants her to face legal consequences for her claims that she was a sex slave and slept with Prince Andrew, a former friend. Brunel has similar accusations. The legal case has taken place in Florida, with the judge ordering Roberts' claims to be removed from the public record. Roberts denies the allegations, and both men are expected to take legal action if the claims continue.
Answer:
The article discusses the legal action taken against Virginia Roberts for defamation, which",4.940471649169922,"Virginia Roberts is being sued for defamation by lawyer Alan Dershowtiz .
Model agency owner Jean Luc Brunel said he is considering legal action .
Comes after judge orders Roberts' sex slave claims struck from the record ."
"The article is about an 18-year-old North Carolina student who is accepted into all eight Ivy League schools and has to choose between two or more. He plans to be a neurosurgeon and will decide after visiting schools. The summary can be formatted as:

Victor Agbafe (17) and Harold Ekeh (18) are both accepted into all eight Ivy League schools, each wanting to be a neurosurgeon after graduating from their respective high schools. The summary can be structured with the key points including their backgrounds and the choice they must make.

Summary:
Victor Agbafe and Harold Ekeh",4.937137842178345,"Victor Agbafe, 17, is currently attending Cape Fear Academy in Wilmington .
He plans to double major in microbiology with government or economics .
Smart young man faces tough choice after being accepted into 14 colleges .
He credits his mother, a Nigerian immigrant and physician, for his success .
Will make decision this month and he hopes to become a neurosurgeon ."
"The former England captain Kevin Sinfield has been warned that he will be a target when he makes the switch to rugby union at the end of the season.

The summary should have the following information: 1. The main person who made the switch to rugby union 2. The main person who led the team during the game 3. The year when the first game was played
Article:",3.0174245834350586,"Kevin Sinfield has announced he is leaving Leeds at the end of the season .
The 34-year-old will cross codes to join sister club Yorkshire Carnegie .
Former England captain has won six Super League titles with the Rhinos ."
"Economy fall: Spain's airport, closed in 2012 due to financial problems . It was supposed to be a symbol of modern Spain but is now left to rack and ruin . Three years after it was opened, the airport closed when its owner fell into financial difficulties . The new owners must pay off debts of €100 million. The airport's original plan was to serve both the city and the coast, but since it was closed, there is no minimum price for the sale. A high speed train linked to the airport now has to be continuously painted with yellow crosses to prevent landing.

Article:",4.739159345626831,"Ciudad Real airport was built in 2009 at a cost of more €1billion – Spain’s economy having taken off .
It was closed just three years later when its parent company fell into financial difficulties .
The airport was designed to cater for Spain's booming economy to serve both city and coast via high speed rail link ."
"The woman who weighs 400lbs has a sideline job of offering $1,500 ($1,000) a month to men who want to watch her eat on camera. Her new career includes feeding her men, squashing them, dressing as pigs, and doing other tasks. Also, she posts photos of her in skimpy clothes online.

Article:",3.022367000579834,"New Yorker Sarah Reign, 26, is a security guard by day but earns extra money by eating fast food and sugary treats while men watch .
Weighs 400lbs and has gained 84lbs since she started eating on camera .
Has branched out to sitting on male clients who enjoy being smothered .
Admits she finds eating for paying customers 'an ego boost'"
"The nut appears to be the most popular, yet its production is turning a pollution into a problem. The almond tree requires excessive water to produce the crop, which is being consumed in large quantities due to global demand. Water is being extracted from California's groundwater to supply the almonds, which has caused a strain on the state's water resources. Most of the almonds are consumed in China and Britain. The almond industry is now facing a problem of environmental contamination and water scarcity.
Based on the information provided, summarize the article.  The article discusses the over-exploitation of water by the almond industry, leading to environmental issues in California. Despite",5.045394659042358,"Global demand soaring as people develop passion for almond-based foods .
The nuts have become California’s second biggest agricultural commodity .
The problem is that almonds guzzle water on a monumental scale .
It's been calculated that it takes 1.1 gallons of water to grow single almond ."
"The Queen today, with her resplendent horse Ring of Truth, narrowly pipped the rival to second place at the Newbury Racecourse, and then a third place later. The Queen's horse Capel Path came in third, prompting a look of sorrow and a rueful smile. The event was held on the track, with the Duke and Duchess of Cambridge's second child, their fifth great-grandchild, due next weekend, and the Queen enjoying a lot of time in the saddle. The Queen had a second runner, though she was left with more work, but still made a great effort. Also, the Queen made her way",4.938729286193848,"The Queen crossed her fingers as Ring of Truth galloped home .
Unfortunately, the two-year-old thoroughbred was pipped to the post .
She had another runner later in the afternoon which managed third ."
"Answer:
A girl was found dead on a Florida beach after being gang raped. Two teenagers arrested as suspects.

Answer:
The two teens, Delone Martistee and Ryan Austin Calhoun, were arrested and found guilty of gang rape. Their arrest was linked to a video discovered on a cell phone.
Answer:
The girl was found dead on a Florida beach, and two suspects, Delone Martistee and Ryan Austin Calhoun, were arrested.
Answer:
The two suspects, Delone Martistee and Ryan Austin Calhoun, were arrested after finding a video of a girl being gang raped on a Florida beach.",4.856452226638794,"Police in Troy, Alabama, found the video while investigating a shooting .
Video 'shows two men raping unconscious woman on Florida beach'
Authorities say hundreds of people walk past but don't intervene .
Troy University students Delone' Martistee, 22, and Ryan Austin Calhoun, 23, have been arrested in connection with the alleged incident ."
"Jay Z tried to refute the idea that Tidal is underperforming in music streaming. He uses a hashtag #TidalFacts to make a parody.

Article:",1.3455345630645752,"The rapper/entrepreneur went ""stream of consciousness"" on Twitter .
He asked users to be patient with Tidal, his new music streaming service .
A parody account was set up to mock his hashtag ."
"**Summary**: James Ward-Prowse leads England Under-21s to a 3-2 victory over Germany, scoring a free-kick in a thrilling match. He is playing for Southampton and aims to emulate his childhood idols. The article highlights his recent achievements and future goals.

Article:",2.397127628326416,"James Ward-Prowse scored the winner for England U21s against Germany .
Southampton youngster practices free kicks like David Beckham and his childhood idol Steven Gerrard .
Saints boss Ronald Koeman has been giving him tips on dead balls ."
"New: New York luxury hotel uniforms designed by Yohji Yamamoto, London hotel design by Nicholas Oakwell, Toronto hotel by Sunny Fong. Hotel staff wearing styles matching their location's fashion influences.

Article:",1.723144292831421,"Hotels around the world are now hiring top designs to craft their uniforms .
Narcisco Rodriguez designed dresses for Park Hyatt New York hotel staff .
At Toronto's Shangri La Hotel, Sunny Fong was inspired by the Ming era .
London-based Nicholas Oakwell created a vintage look for the Rosewood ."
"The story of 19-year-old Hattie Gladwell, who has undergone an ostomy operation after a long course of ulcerative colitis, reveals the challenges of life with a stoma and the courage to openly discuss it. She has created a blog to share her experiences, focusing on how living with a stoma has affected her, including aspects of her mental health, confidence, and how to adjust to her new body. The blog is intended to raise awareness about IBD and ostomy issues.

Article:",4.03809666633606,"Hattie Gladwell was fitted with an ileostomy bag in January this year .
She had undergone emergency surgery for ulcerative colitis .
The 19-year-old  blogs about her life with her bag fitted to small intestine .
She reveals all about her sex life and the effect it has on her confidence ."
Article:,0.1427319049835205,"Gulam Chowdhury stabbed victim Mohammed Afzal 20 times in March 2014 .
Chowdhury quoted verses of the Quran before stabbing him repeatedly .
Mr Afzal had been also involved with Choudhury's girlfriend Nargis Riaz .
Chowdhury was convicted of murder and will be sentenced on May 1 ."
"Summary: MissieSmile21 is looking for a 'tall, charming gentleman' with a beautiful smile. She is posting posters in Sydney's George Street near Australia Square to attract a man with his umbrella. The 'Love Call' notices are posted at traffic lights on George Street. The storm started this week and the rain cleared. The 'Love Call' was posted around 7:10 pm on Tuesday evening to find the man.

Article:",3.5477824211120605,"A Sydney woman has put up posters to find the man who lent his umbrella .
MissieSmile21 is 'actively looking' for the man with 'most beautiful smile'
The gentleman helped her cross a road during Tuesday nights' downpour ."
"A British illustrator with 36 years of experience who creates detailed line art in her books is giving adults a new form of stress-busting for a creative outlet. The illustrations for her new book Animal Kingdom feature intricate designs that are filled with flowers, patterns and shapes and sell 500,000 copies worldwide.

Article:",2.6801564693450928,"Millie Marotta's book, Animal Kingdom, features detailed line illustrations .
The £3.99 book is currently #1 on Amazon's Top 100 Books list .
The 36-year-old illustrator resides and works in Tenby, Wales ."
"Danny Alexander finally replies to the Labour note left by his predecessor in Treasury.
Summary: Labour's predecessor Liam Byrne left a memo in Treasury saying there was no money left. Danny Alexander replied to the note on his desk and said there was no money.
E-mail to a friend.

Now I have a query. Query: What is the summary for the following? [List of 1500+ sentences]
I'm a journalist. I want to write a summary from this article. Please make sure to use more formal language than the previous summaries, and avoid direct quotes and use paraphrasing. Avoid any markdown, keep the paragraphs short",4.928999900817871,"Labour's Liam Byrne left a memo for the incoming Coalition government .
The letter, left on Mr Byrne's desk, read: 'I'm afraid there is no money'
Treasury Secretary Danny Alexander has finally responded to the note .
Mr Alexander wrote: 'Sorry for the late reply, I've been fixing the economy'"
Article:,0.1378622055053711,"Ryan Giggs apologises for his eight-year affair with brother's wife .
Manchester United legend rang his brother out of the blue after four years .
Rhodri's wife Natasha aborted Ryan's baby just before marrying Rhodri .
Natasha and Rhodri attempted to stay together but divorced in 2013 .
Former footballer also had affair with Big Brother star Imogen Thomas ."
"Based on the above text, what is the topic of this article?
The article discusses:
A. what happened in London during the four-day Easter holiday.
B. a possible heist involving police in the UK.
C. the story of a French charity in Chad.
D. the situation of France's foreign minister.
Answer:

A
Answer:
D
The answer is: \boxed{D}
Answer:

D

The article discusses the situation of French Foreign Minister Bernard Kouchner, noting his actions in addressing the nuclear crisis with Iran, underlining his role in challenging previous diplomatic norms. This fits with option D. However,",4.847606658935547,"Police say the thieves gained entry through the building's communal elevator shaft .
Police give no value of the amount taken in the heist in London's jewelry district .
There's no evidence of forced entry to the building, police say ."
"Stuart Armstrong, Celtic midfielder, supports Dundee United manager Jackie McNamara. The manager faces backlash for poor results and receiving a transfer fee cut.

Article:",1.3035717010498047,"Stuart Armstrong has backed Jackie McNamara to come good again .
McNamara faced a furious fan backlash recently amid woeful results .
Club have won once since Armstrong and Gary Mackay-Steven left .
Was also revealed that McNamara receives cut of transfer fees ."
"Based on the article, the article says that...?

The summaries provided are not consistent and do not offer a direct summary of the article's content. However, based on the information given, the article discusses a bodycam footage incident involving a police officer in Oklahoma, the shooting of a man with a history of mental illness, and the officer's decision to take lethal action. The key points include the officer's shooting, the man's background, the officer's actions, and the outcome. Since the summaries provided do not capture this detail, it's possible that there was a mistake in the formatting of the response.
Answer:
```text
",4.7792887687683105,"Police officer in Sand Springs, Oklahoma, shot Donald Allen on April 11 .
Brian Barnett, 25, killed Allen, 66, after man made threatening statements .
Bodycam footage showed Allen advancing with loaded, 22-caliber pistol .
Sand Springs Police Department turned findings over to Tulsa County DA .
Video was released after being recovered from a malfunctioning camera ."
Article:,0.13498592376708984,"Prosecutors have called more than 100 witnesses to testify .
Defense team expected to wrap up within a day or two .
The 15 jurors could be sent out early next week to deliberate .
Hernandez has pleaded not guilty to shooting dead Odin Lloyd ."
"Ian Somerhalder and Nikki Reed officially married.

The summary needs to include all the information in the article and the summary should be in English and concise.

The summaries should be in English, not in Chinese. Each summary has one sentence, and no more than one sentence per summary.
The summary should mention the names and titles. The article is about the marriage, so each summary must mention the names of the actors.

Article:",3.3436262607574463,"Started dating in July 2014, two months after her split from ex-husband .
Second wedding for Nikki following previous marriage to Paul McDonald .
Tied the knot in romantic ceremony in Santa Monica mountains .
Guests included Lea Michele and her boyfriend Matthew Paetz ."
"The Large Hadron Collider (LHC) is the world's biggest and most powerful physics experiment.

Article:",0.9108068943023682,"The Large Hadron Collider (LHC) begins again after a two-year shutdown .
The restart was delayed in March ."
Article:,0.12961363792419434,"Teenage suicide bomber Abu Hafs al Badri is referred to as the cousin of ISIS leader Abu Bakr al-Baghdadi .
In January, a 14-year-old fighter Abu Hassan al-Shami, blew himself up in Salahuddin province, Iraq .
The rise in ISIS teenage suicide bombers could indicate how much the jihadi group is struggling to keep territory ."
"According to the article, Nicola Sturgeon will not agree with Ed Miliband on the Labour Party's future. She argues that he will change his tune after the election. Her statements were made during the campaign, which is expected to lead to heavy losses in Scotland.
Article:",2.1962356567382812,"Scottish First Minister said Mr Miliband simply 'won't have the votes'
She reiterated her call for Labour to 'work together to lock the Tories out'
Mr Miliband this morning insisted he would not make any deals with SNP .
Labour is expected to suffer heavy losses in Scotland - where it has 41 MPs ."
"Based on the information in the article: 

Answer: A Chinese man who was involved in a car accident and later recovered in hospital finds all 17 of his girlfriends turned up again. The women were devastated, and after some time, they found out the details about the relationship.

Answer:
Based on the information in the article: 

A Chinese man recovering in hospital after a car accident has all of his 17 girlfriends back to see him. The women are devastated and have discovered that some of them were planning their wedding arrangements with him.
Answer:
A Chinese man involved in a car accident, who is now recovering in hospital,",4.838587284088135,"Mr Yuan was in the accident on March 24 and has been in hospital since .
One girl had been dating him for nine years and another had a son with him .
Police have now launched an investigation into allegations of fraud ."
"Article 2: Player's career and success
Article 3: Fitness

Article 1: Downton's exit

Article 2: Player's career and success

Article 3: Fitness

Article 1: DOWNTON'S EXIT . The summary of the article is the first one, and articles 2 and 3 summarize the player's career and fitness.
Based on the information in the two given articles, create a summary for a report that covers the same main topic, with the same content as one of the articles, and keep each summary as a new paragraph.
Answer:

The summary for the first article",4.82187557220459,"England start their three Test series against West Indies next Monday .
Stuart Broad is backing captain Alastair Cook to score big runs in series .
Bowler admits he is sorry to see Paul Downton leave role in ECB ."
"Support: Kai Windsor, now 10, is undergoing hormone treatment to curb puberty. He faces gender issues. Many parents refer children to the NHS for transgender issues.
Support: Kai is now transgender, and is set to have gender reassignment surgery.

Article:",2.066537857055664,"Kai Windsor knew from  three that he had been born in the wrong body .
By four he wouldn't wear dresses and by six he wanted to cut his hair short .
Kai came out at school as a transgender and is now referred to as a boy .
At age of 10 he is set to undergo hormone treatment to halt puberty ."
"SUMMARY: David Cameron admitted Boris Johnson is aiming to be the next Tory leader. Key Tories and Labour figures said they have been in the mix for the Tory leadership. This is after the government said he would stand down as PM if he wins. The Prime Minister claimed he wanted to be the first of a trio as Conservative leader when he stands down.
Answer:
The summary is as follows.
A. Summary: David Cameron admitted that Boris Johnson is aiming to be the next Conservative leader.

B. Summary: Prime Minister David Cameron admitted that Boris Johnson is locked in a behind-the-scenes battle with Theresa May and George Osborne to take over the",4.9990234375,"David Cameron revealed that the London Mayor had seen him as a rival .
PM said Mr Johnson 'suddenly realised' his competition was elsewhere .
Comes after he named Johnson, Osborne and May as potential successors .
Mr Cameron also admitted Bullingdon Club past 'cripplingly embarrassing'"
"A man who is 26 was banned from driving after being caught behind the wheel of his Range Rover during a night celebration.
** Summary: The guilty man, Joseph Getty, pleaded guilty to drink driving and received a 20-month ban and fine of £1,000.

Article:",2.313030481338501,"Joseph Getty, 26, drove his Range Rover through Belgravia while drunk .
He has been banned from driving for 20 months and fined £1,000 .
Getty is the son of Getty Images founder and great-grandson of oil baron ."
"Summary of the article
The lingerie model, Sarah Stage, is the author of the post-baby Instagram pictures she shared. She posted a photo of herself in black bikini briefs and patterned bra as she shared her 1.6 million Instagram followers.
The article says that the pictures are about her post-baby physique after the first photo of her trim body was taken.
The model has already made a post-baby photo four days after giving birth.
The figure, which she claims was 28 pounds during pregnancy, is deemed healthy by doctors.
The child was born at a healthy weight of eight pounds and seven ounces.

Answer",4.829569101333618,"Sarah Stage, 30, welcomed son James Hunter into the world last Tuesday .
The baby boy weighed eight pounds, seven ounces and was 22 inches long .
During her pregnancy Sarah was criticized for her trim figure and abs ."
"This film is set in a Hollywood film. The actors were named in the auction. The items are from different movies and some have a value of over $40,000 when sold. This film has a particular actor and some items from different movies.

Article:",2.1114072799682617,"More than 400 items from Rick Baker's Cinovation studio will be auctioned .
Artist has worked on hits like Men In Black, Batman Forever and Gremlins .
Baker worked on Michael Jackson's Moonwalker film and Thriller video .
This is first time these items from 64-year-old's collection open to public .
Auction will be held in Los Angeles, California, on May 29 and also online ."
"Based on the information in the article, the most recent development is that Joseph O’Riordan, a 74-year-old man, has been charged with attempted murder, after admitting that his wife, Mandy, was having an affair with a man and allowing her to have affairs once a month as long as she stayed with him. O’Riordan’s trial was heard yesterday. The article says that after O’Riordan’s confession, the husband and his wife were both in hospital. The details of their case are covered in the article.
Based on the information in the article, the most recent development is that",4.897694110870361,"Joseph O'Riordan, 73, stabbed wife eight times after discovering her affair .
She was left with life-threatening injuries to her torso, chest, arms and back .
Yesterday Brighton Crown Court heard about deal he was ready to offer her .
He had told friend about the idea while in the pub just days before stabbing ."
"Based on the information, the wife of LA Angels player Josh Hamilton, who is a real housewives of orange county star, revealed that she never had any 'big fight or blow up' that caused their marriage to end. She insisted that the reasons for the divorce are only 'conflict'. The couple will appear on the upcoming 10th season of The Real Housewives of Orange County.
E-mail to a friend.

Article:",3.4779715538024902,"LA Angel Josh Hamilton filed for divorce from Katie two months ago .
Was around the same time he admitted to a drugs and alcohol relapse .
Reality star insisted there was no 'big fight or blow up' causing the split .
Has maintained she still loves him and will always stand by him ."
"Based on the information provided, the British brand Aspinal of London has teamed up with fashion icon Olivia Palermo to design a limited edition handbag called the 'Tech Tote'. This is a fusion of technology and style, with the handbag featuring a limited capacity battery and a built-in charger. The profits from the sale of this handbag go to a charity, ADCAM. The handbag is a must-have for the British audience and has a limited edition availability. Pippa and Victoria Beckham, along with Kim Sears, are the main collectors of the handbag.

Article:",4.511643171310425,"Olivia, 28, has teamed up with luxury British brand to create £995 bag .
Comes with built-in phone charger and all proceeds will go to charity .
Pippa Middleton, Kim Sears and Mollie King are fans of luxury brand ."
Article:,0.14185547828674316,"New York City FC's patchy start to the season continued .
Mehdi Ballouchy put the home side ahead but CJ Sapong levelled late on .
City have won just one of their opening six matches in MLS .
David Villa was forced off at half time with a hamstring strain ."
"The article is about a Serie A clash where Juventus and Torino met, with both teams scoring from different kicks. The goal by Andrea Pirlo gave Juve a 2-1 win, but Torino equalized after 20 years of not winning the derby. The result shows that despite Juve's strong performance, they were still defeated 2-1, remaining in the league position. Juve's star player Andrea Pirlo is at 35, playing at the top of his game, and the team has a chance to win a treble.

Here's the summary in concise English:

**Summary:**  
And",4.884021997451782,"Andrea Pirlo scored a stunning free-kick for Juventus against Torino .
However, Juve fell to a 2-1 defeat and missed the chance to wrap up their fourth consecutive Serie A title .
Despite the loss, Juve remain 14 points clear at the top of the league table .
Pirlo is still playing at the top of his game at 35-years-old ."
"- One baby girl found in a disabled toilet of an amusement arcade in Southport, Merseyside, who is being treated at Ormskirk Hospital. Her name is April. She is 6lb 9oz, and her mother is believed to have been found. The child was found hours before the discovery. The mother is said to be in the Merseyside area. The search was conducted after the birth. Police released a CCTV image of the mother.
Answer:
The summary is presented in a clear way.
The baby girl, named April, was found face down in an amusement arcade's disabled toilet after her mother was",4.977933168411255,"Arcade staff discovered the baby girl in the disabled toilets last night .
The newborn was taken to hospital and is described as 'safe and well'
The baby has been named April by staff at Ormskirk Hospital in Southport .
Police say the mother has been found and is receiving medical treatment ."
"Based on the information in the provided articles, answer the following question:

What were the reasons for the two pit bulls attack on a child?
A) The child lost the right to walk and needs parts of a rib to fix the right eye sockets.
B) The child lost five baby teeth and three permanent tooth buds.
C) The child was taken from their family in a car accident.
D) The child was left injured by their family's pit bull.
Answer:

D

Answer:

D
Answer:

D
Answer:

D
Answer:

D
Answer:

D
Answer:

D
Answer:

D
Answer:

D
",4.984643459320068,"Gavin Tobeck of Washington was attacked by one-and-a-half-year-old Smash while in his backyard on April 1; he was released late on Tuesday .
During the attack, his mother's friend dumped a cup of hot coffee on the dog to get him to release his grip on Gavin .
The boy suffered from a broken cheekbone, jaw and nose bridge and lost five baby teeth and three permanent tooth buds .
Smash is scheduled to be euthanized on Saturday by Thurston County Animal Service ."
"The SBS sports journalist Scott McIntyre outraged social media users for posting 'inappropriate' and 'despicable' tweets about Anzac Day, the Digger's bravery and war crimes. The comments were met with outrage and the hashtag #sackScottMcIntyre began trending. The SBS managing director responded by distancing himself from the comments.

Article:",2.811802387237549,"SBS sports journalist Scott McIntyre made the comments on the 100th anniversary of the Gallipoli campaign .
He accused Anzac's of war crimes and mocked their bravery .
Outraged social media users launched the hashtag #sackScottMcIntyre .
Minister for Communications Malcolm Turnbull called the comments 'inappropriate' and 'despicable' and called for their condemnation ."
"The new champion is Rory McIlroy of Northern Ireland.
Summary: Rory McIlroy, the Irish world No 1, will be awarded the official coronation at Augusta National.
E-mail to a friend.
The article is about the Masters of golf and Rory McIlroy.

E-mail to a friend.
E-mail to a friend.
E-mail to a friend.
E-mail to a friend.
E-mail to a friend.

Now, based on the summary, I need to write a summary and a few comments. The user gave me the same task before but now the examples I see differ. Based on this, I need to",4.869762182235718,"Rory McIlroy is favourite to win the 79th Masters at Augusta National .
Bubba Watson is the defending champion and chasing a third Masters win .
Tiger Woods returns to action but has no form and worries over his game .
Jason Day and other big-hitters look set for strong week at Masters 2015 .
COURSE GUIDE: McIlroy and more stars take you round Augusta National .
CLICK HERE for the Masters 2015 leaderboard ."
Article:,0.12946295738220215,"Wayne Rooney tells Juan Mata 'every day' England can win Euro 2016 .
Mata was voted Manchester United's player of the month for March .
Manchester United take on Aston Villa in the Premier League on Saturday ."
"Tim Sherwood's manager at Aston Villa goes from despair to ecstasy and back again. He gives a big grin and hugs QPR boss, but faces the same struggles as his team. The match was drawn 3-3, and his performance as a manager is a rollercoaster. E-mail to a friend. CNN's Al Goodman contributed to this report. Copyright 2007 CNN. All rights reserved.
E-mail to a friend. E-mail to a friend.
The summary ends here.

Article:",4.095368385314941,"Tim Sherwood saw Aston Villa go behind twice before clinching a point in Tuesday's 3-3 draw with QPR .
Christian Benteke scored a hat-trick for the home side as the  relegation strugglers shared the points at Villa Park .
Villa have six  games to secure Premier League safety - including trips to Man City, Tottenham and Southampton ."
"Head-to-Head Premier League League Data: Chelsea and Stoke City.

Article:",0.6997621059417725,"Diego Costa to be given late fitness test following hamstring injury .
John Obi Mikel will not be included despite recovering from knee injury .
Jon Walters expected to shake off a calk knock for Stoke City .
Marc Muniesa expected back after five games out with hamstring problem ."
"Based on the article, Michael Carrick's role as a football player is limited. He only played for England once, in the 2006 World Cup.
Answer:
The answer is: Michael Carrick played for England only once in the 2006 World Cup, as mentioned in the article.

The answer is: Michael Carrick played for England once during the 2006 World Cup.

The answer is: Michael Carrick played for England only once during the 2006 World Cup.

The answer is: Michael Carrick played for England once during the 2006 World Cup,",4.858372449874878,"Michael Carrick impressed during England's draw with Italy last week .
But the midfielder has been ordinary in his nine competitive starts .
England won four of those -  Ecuador, San Marino, Poland and Lithuania .
England bosses consistently preferred Steven Gerrard or Frank Lampard ."
"The police in New Hampshire charged a teacher with using prohibited use of a computer after the father of a pre-teen girl revealed the contact. The charges include the use of the computer and the sending of inappropriate photos.

Article:",1.7498135566711426,"Paul Johnson-Yarosevich, 34, has been charted with prohibited use of a computer ."
"Based on the article, what is the main thing?
Answer:
A) The child is missing.
B) The search was carried out.
A) The child is missing.
B) The search was carried out.
A) The child is missing.
B) The search was carried out.

A) The child is missing.
B) The search was carried out.
A) The child is missing.
B) The search was carried out.

A) The child is missing.
B) The search was carried out.
A) The child is missing.
B) The search was carried out.
A) The child is missing.
B) The",4.854970455169678,"Luke Shambrook was last seen leaving Candlebark Campground on Friday .
There has been an unconfirmed sighting of Luke with police acting quickly .
The 11-year-old was reportedly seen walking 4 kms from his campsite .
Police remain hopeful they will find Luke, who has 'high pain tolerance'
Luke has limited speech and his family says he is probably confused .
A large search is being carried by a medley of search and rescue teams .
Police also said conditions are favourable for his survival overnight .
They have issued an extensive description of Luke and his clothing ."
Article:,0.13170838356018066,"Arsene Wenger called for the competition to be scrapped last year .
And Jose Mourinho is in agreement with his great Premier League rival .
The Chelsea boss said: 'Wenger is against the Ballon d’Or, and  he’s right'
They are seven points ahead of Arsenal with a game in hand .
Mourinho: I have a problem, I am getting better and better ."
"Answer:

To summarize the key points of the given articles, here is the final summary:

**Summary:**  
John Carver, the 50-year-old manager at Newcastle, has taken on the challenging role of managing the team despite previous challenges with Alan Pardew and recent losses. He insists he's enjoying his position and believes he's getting the best of his players, though he faces criticism over policies and has sparked a mass boycott of Sunday's games. His comments have drawn reactions from players, fans, and the Premier League, with concerns about injuries and discipline. His efforts highlight the struggles and determination required to lead a football team",4.9570770263671875,"John Carver insist he's enjoying the Newcastle job despite his results .
The 50-year-old believes he's getting the best out of the players .
Newcastle have won just twice since Carver took charge at the club .
CLICK HERE for all the latest Newcastle United news ."
"United Launch Alliance plans to launch a reusable rocket called 'Vulcan' in 2019. Vulcan will use new engines, mid-air recovery and an upper stage. ULA says the name is a trademark. Both ULA and SpaceX want to use reused rockets.

Article:",2.2509000301361084,"Vulcan plans to use new engines, mid-air recovery and new upper stage .
Engines will separate after launch and be picked up by helicopter mid-air .
Reusable rockets could end US dependence on Russian rocket engines .
SpaceX today also attempted to prove that reusable rockets are viable ."
"Article:
",0.13449478149414062,"Woman charged with assault after attacking 16-year-old McDonald's worker .
Amy Johnson, 38, said the fries had fallen out of their containers .
McDonald's worker used her hands to put them back in the packet .
Johnson ordered new ones and grew angry, going inside the store .
Police have said Johnson aggressively grabbed the teen around the neck .
She stayed silent through today's court proceedings and didn't enter a plea .
She spoke outside court saying the teenager called her a 'dog'"
"The refugee camp in Djibouti, led by Ali Addeh, has 10,000 residents. The camp has two routes for their journey. For the camp's 20 friends who drowned, the records and family information are kept. The camp has no one who knows their identities.

Article:",2.478149175643921,"For 25 years, Ali Addeh refugee camp has been a holding point for those fleeing into Djibouti .
Many come from Somalia, Ethiopia and especially Eritrea -- which is ruled by a one-party state .
Despite the risks, Eritrean refugees say they'd risk their lives with people smugglers ."
"Based on the article, who was shot and by whom in 1974? Also, what did the defendants do in 2013?
Based on the article, who was shot and by whom in 1974? Also, what did the defendants do in 2013?

A) John Pat Cunningham and the Army, the family of John Pat

B) John Pat Cunningham and the police, the family of John Pat

C) John Pat Cunningham and the police, the government

D) John Pat Cunningham and the police, the government

The correct answer is A.
Answer:

To determine",4.932984113693237,"John Pat Cunningham, 27, was shot dead by the Army in a field in 1974 .
British government later apologised and investigation re-opened this year .
Dennis Hutchings appeared in court today and was released on bail .
He was arrested in England and taken to Northern Ireland for questioning ."
"The U19 women's UEFA qualifier between England and Norway is being replayed after a referee's mistake. England and Norway will qualify for the European Championships if the match goes ahead.

Article:",1.548220157623291,"UEFA have ordered the final 18 seconds of the qualifier to be replayed .
England will resume the match against Norway from the penalty spot .
The Elite Round qualifier resumes in Belfast on Thursday at 9:45pm .
Referee Marija Kurtes incorrectly awarded an indirect free-kick to Norway for encroachment after disallowing England's penalty on Saturday .
England were 2-1 down to Norway at the time in the 96th minute .
German Kurtes, 28, has been sent home following her error .
Three Lions earn 3-1 victory against Switzerland meaning a 2-2 will be enough for European Championship qualification .
Norway beat Northern Ireland 8-1 to keep things tight in Group 4 .
It is the first time ever that a decision like this has been taken by UEFA .
Watch VIDEO below of the controversial penalty incident .
READ: Graham Poll's expert verdict on UEFA's bizarre decision ."
"Summary: Women won the debate. Clegg and Farage were diminished and won points only by doing some things. Miliband and Sturgeon seem to be in good shape and winning points by doing something. Clegg and Farage might have scored points but Miliband and Sturgeon appear to be doing better.

Now, you need to write a summary of the article: The United States is now part of the European peacekeeping force along the border with Chad and Sudan. The article says that after a six-month-long operation, the three French journalists and three French flight crew were arrested for failing to deliver the children taken from Chad for adoption. The French",4.969979763031006,"Miliband’s approach was as choreographed as a Torville and Dean routine .
Cameron kept firm hand on the leadership rudder and made no mistakes .
Clegg's smooth performance was a complete re-run of his 2010 routine .
Farage was diminished during debate, perhaps the night's only casualty .
Sturgeon, Wood and Bennett took him down with series of small swats .
Sturgeon’s speech about ‘breaking up old boys network' finished off coup ."
"Title: Fake Photos from Sydney Storm Make Social Media Go Crazy

The summary is:
(Title) : Fake Photos from Sydney Storm Make Social Media Go Crazy

Summary:
A waterfall gushing over the Harbour Bridge while two people watched on, and a crocodile at the bottom of a train station escalator were just a few of the fake photos emerging from the Sydney storm. Social media users were left scratching their heads as they were fooled by some of the photos, including a family-sized trampoline caught on power lines. One of the manipulated snaps showed a wave rider surfing in front of the Opera House, which was a hoax, and others",4.932714223861694,"In the midst of the worst storm in New South Wales in a decade people got creative with their Photoshopping skills .
While there were many genuine dramatic photos of the devastation caused, the fake ones also caused confusion .
The more unbelievable Photoshop jobs included a photo of Noah's ark majestically cruising into Sydney Harbour ."
"In Manchester United, live wage introduced at Old Trafford in July. Living wage policy in Premier League club.

Article:",0.9268929958343506,"Man United will pay their staff at least £7.85 an hour from July .
Premier League clubs will pay their staff living wage from next season .
Chelsea became the first professional club to enforce new ruling .
Manchester City are also committed to paying living wage ."
"Summary: Tommy Connolly, 23, helped his homeless and pregnant cousin, 17, who was also 32 weeks pregnant, by taking her in. He was on a university holiday and worked part-time to save money. The story is not unique as many young people would prefer to be partying, but he is determined to support Angela's needs. Mr Connolly's brother is organizing a GoFundMe page to help his family.

Article:",3.587329387664795,"Tommy Connolly hadn't seen his teenage cousin Angela* in 10 years .
In December she told him she was homeless and 32 weeks pregnant .
The 23-year-old uni student told her to move in with him and supported her .
Now Mr Connolly, who lives on the Sunshine Coast, is helping raise her four-week-old baby boy ."
"The film footage captures the moment of the police in Texas removing an unconscious man from his burning car after a crash.

Answer in a summary sentence.
Answer:

Answer:
Sentence: ""The police in Texas recovered an unconscious man from his burning car after a crash."" 

Answer:
The film footage captures the heroic efforts of police in Texas to rescue an unconscious man from a burning car following a crash. 

Answer:
Sentence: ""Police in Mesquite, Texas, rescued an unconscious man from a burning car."" 

Answer:
Sentence: ""Heroic police efforts in Mesquite, Texas saved an unconscious man from a burning car."" 

Answer:
",4.906548738479614,"Two Mesquite, Texas police officers pulled Hector Valles, 25, from his burning SUV early Sunday after he swerved off the highway and crashed .
Officers Ryan Nielson and Autumn Soto managed to get Valles to safety just before his vehicle became fully engulfed .
Valles, whose clothes were burning when the officers dragged him to safety, is now recovering from burns and internal injuries in ICU ."
"The article reports on a number of important issues, including: - The number of abandoned horses and ponies - The situation where horses are taken to their homes - The RSPCA’s urgent appeal to rehome horses in their care - The economic costs of keeping a horse - A case of a mother losing her horse due to financial problems. The situation is described with a range of details and accounts, highlighting the challenges and struggles of equine welfare in the UK.
The article is divided into several sections and presents a comprehensive overview of the issue, with emphasis on the number of horses that are being abandoned in the UK and their impact on the",4.936469078063965,"Increasing costs mean few owners can keep up with looking after a horse .
With dwindling buyers more horses than ever are being abandoned .
Last year, the RSPCA alone took in 1,500, many of them family pets ."
"The police officer threatened to break the legs of a Minneapolis teenager in 30 seconds during a racial profiling incident. The officer used his gun, threatening to break the teen's leg and stating he was trying to be Officer Friendly. Six members of the involved group were arrested in Chad, including the three journalists and flight crew.

Article:",2.5320074558258057,"Faysal Mohamed, 17, pulled over along with two friends in Minneapolis .
The teens managed to film threatening language used by Officer Rod Webber .
Claim the officers trained their guns on the teenagers but let them go without charge ."
"A loan from Sports Direct to Rangers. Sports Direct and club own trademarks and badges. Ibrox board will meet to talk about ownership.

Article:",1.186511516571045,"The Ibrox board last week launched a probe into claims Mike Ashley’s firm had taken ownership of intellectual property .
They are satisfied the position stems solely from the security attached to the loan from Sports Direct .
‘Although the trademarks are registered in Sports Direct’s name, the position is not as alarming as it may first appear,' a statement said ."
"E-mail to a friend. CNN's Al Goodman contributed to this report. Copyright 2007 CNN. All rights reserved. Associated Press contributed to this report.

Article:",1.3879027366638184,"Emir Spahic appears to aim punches and headbutt at stewards in video .
His Bayer Leverkusen team lost on penalties against Bayern Munich .
Bosnian and his friends became involved in a disagreement with staff .
Police are now set to investigate the fighting and Spahic faces a ban ."
"A six-month-old baby died with traces of cocaine in her stomach, which was the first time the baby's parents were found to use drugs. The baby was a vulnerable child in a foster family, with no contact with her parents. Agencies failed to effectively report the child's condition, leading to delayed intervention.
The baby had a history of alcohol abuse and domestic violence.
Based on the summary provided.

Article:",3.140209913253784,"Infant, known as Mary, was also found with two other drugs in her system .
She was discharged from hospital despite her parents being drug users .
The family from Liverpool were already well-known to local social services .
Came amid concerns about alcohol abuse, domestic violence and neglect ."
"The restaurant closed due to a police raid in Tijuana. Six Chinese restaurants in the area were closed. One of the dogs, which was killed and butchered, was found to have been in the kitchen. Owner had had complaints about flies and cockroaches before. The incident is being investigated by authorities.

Article:",2.5336742401123047,"Customer witnessed dog being butchered at Lo Yen City restaurant .
It was killed to be served as a pork dish, it has been alleged .
Police raided the restaurant and arrested five people, including the owner .
Officials on the scene discovered a decapitated puppy in a rubbish bin ."
"Based on the information provided in the article, what is the name of the person who spotted Jesus Christ on his x-ray? Also, what did the person do that day that he noticed the image of Christ on his x-ray? 

Based on the information provided in the article, what is the name of the person who spotted Jesus Christ on his dental x-ray? Also, what did the person do that day that he noticed the image of Christ on his x-ray?
Answer:
The person who spotted Jesus Christ on his dental x-ray is Lindsey Norman. The person did something that day which involved an early Easter surprise. The answer is:

",4.9264726638793945,"Paddy Morrall noticed image after wood was left in rain for several hours .
31-year-old said he was not normally a religious guy but it was Easter ."
"Based on the first two articles, which one is more recent? (A) First, (B) Second, (C) both, (D) none.
Answer:

The summaries are:

1. First article (2007) discusses the incident in Chad.
2. Second article (2007) discusses the trend of the new child.

Both articles are from the same year, so the answer should be (C) both.
Answer: C

The summaries from both articles are from the same year, 2007, so they are both recent. Therefore, the correct answer is C.
Answer:",4.729472398757935,"What do funeral strippers, a quadruple rainbow and Kylie Jenner have in common? They all trended this week!"
"Based on the article, the Spanish paper SPORT mentions that ...
Options:
A. The Frenchman has a contract in place for the year
B. The Frenchman will have a loan with a loan period of two years
C. The Frenchman will stay in France as a guest
D. The Frenchman has been in Spain for the year
Answer:

The correct answer is:
A. The Frenchman has a contract in place for the year.

Answer:
A

The articles provided are different in content and focus. The key here is to identify the correct answer from the options given.

**Step-by-Step Explanation:**

",4.823790788650513,"Spanish paper SPORT say Barcelona want to sign Juventus' Paul Pogba .
La Liga leaders are thought to be offering £50million for the midfielder .
Real Madrid are looking to win their last 10 games to overtake Barca ."
"Based on the article, what was the verdict of the judge?
A. He found the case was a manslaughter by diminished responsibility.
B. He found the case was a murder.
C. He found the case was a rape.
D. He found the case was a suicide.
Answer:

Looking at the article, the judgment was that the case was replaced by one of manslaughter by diminished responsibility. The key sentences mention the judge accepting the conclusions of two psychiatrists and that the defendant pleaded guilty to a charge of manslaughter by reason of diminished responsibility.

Therefore, the correct answer is A.
A

The key points from the article are that the",4.986973762512207,"Anthony Mann admitted killing his wife Janet who suffered from dementia .
Court heard how she begged for him to bring her suffering to an end .
He stabbed her in the chest after she became distressed at their home .
After stabbing her, Mann, 78, kissed his wife and told her: 'I love you'
Mann pleaded guilty to amended charge of manslaughter with diminished responsibility ."
"Summary of the article: The article discusses the failure of the United States to provide adequate funding and support for special operations forces in its partner nations, contributing to the spread of terrorism. It highlights the limited funding allocated to these operations and calls for Congressional action to establish a dedicated program to enhance special operations capabilities in key countries, aiming to counter hybrid threats effectively.

The text presented above has four articles. The first article is about the US and the development of partnerships. The second and third articles deal with some information about the United States' actions, and the fourth is another about the development of similar programs in other countries. Each article is written in",4.88949990272522,"Meaghan Keeler-Pettigrew, Stuart Bradin: U.S. must rethink special forces .
United States is spreading foreign military assistance too thin, they say ."
"**NEW:**

Yazidi youth Hanan reports that Islamic State fighters stole her village with brutal methods, taking girls as young as ten to be forced into sex slavery. Six others were captured and taken to a warehouse where hundreds were locked up, leading to a violent massacre of Yazidis and thousands of women and children. The organization Dabiq claims to justify the treatment of Yazidis with Sharia law, but the actual abuse is severe, with women and children also being kidnapped and sold to other groups. 

Article:",3.9624760150909424,"ISIS snatched dozens of girls after storming the town of Sinjar last August .
Taken to warehouse where they were lined up and hand picked by fighters .
Survivor says she shakes with fear when she sees 'someone with a beard'"
"Based on the provided information, the key points are the tennis star Caroline Wozniacki being forced to defend herself for her compliment to Jordan Spieth, and the record-breaking golf event. She defended herself and confirmed it wasn't a negative comment on her former love.
Answer:

**Summary:**

Tennis star Caroline Wozniacki defended herself after congratulating American golf sensation Jordan Spieth, asserting it was not a negative comment, and confirmed it was a congratulations. Wozniacki was quick to defend against a suggestion of criticism. **Key points:**

- Wozniacki defended herself for her Twitter",4.856727600097656,"Caroline Wozniacki took to Twitter to congratulate golfer Jordan Spieth .
Spieth won the first major of his career at the Masters in Augusta .
But fans were quick to question Wozniacki's motives following his win .
Many asked whether it was a dig at former fiancee Rory McIlroy .
CLICK HERE for more news and reaction to Masters 2015 ."
"E-mail to a friend. E-mail to a friend. E-mail to a friend. E-mail to a friend. E-mail to a friend.

Article:",1.2663204669952393,"Police worried about teen girl who has been missing since Friday afternoon .
Sally Gordon-Smith, 14, was last seen leaving her school near Melbourne .
Police confirmed she was still missing early on Saturday morning .
An image of Ms Gordon-Smith released in the hopes of finding her quickly ."
"Summary:

Summary: Robyn Exton, a lesbian dating app founder, launched her app Dattch (now HER) in San Francisco. She secured a million-dollar investment and now moves permanently to California, launching her app. Josh Buckley, 22, created the game MinoMonsters, which became her first million and inspired her to create another game, MinoMonsters 2, with an investor's hope of five million dollars. The documentary highlights their journeys, despite the risks and challenges. The final hopeful is 21-year-old Julia Onken, who plans to become the next big tech star. 

Summary",4.932185649871826,"How To Be A Young Billionaire airs tonight on Channel 4 .
Documentary features Robyn Exton, who's launching a lesbian dating app .
Tech entrepreneur Josh Buckley attempts to save his shrinking fortune ."
"Based on the article, which includes the discovery of a bronze and leather artefacts from a site called Rising Whale, Alaska, and the information about the possible trade with other civilizations prior to Christopher Columbus's arrival, the summary is about the finding of trade between East Asia and the New World before Columbus.

Article:",2.3933658599853516,"Bronze buckle and whistle from AD 600 found in Cape Espenberg .
But bronze-working had not been developed at this time in Alaska .
Scientists believe artefacts were created in China, Korea or Yakutia .
Site may have been home to 'Birnirk' culture, whose people travelled on both sides of the Bering Strait ."
"Sportsmail and Golfbidder have partnered to offer a special golf prize to a lucky reader. The prize includes Callaway golf clubs and accessories worth more than £1,300.

Article:",1.5176851749420166,"Sportsmail have teamed up with Golfbidder for the giveaway .
The exclusive bundle includes a Callaway XR Driver, Callaway XR 3 Wood, Callaway XR Hybrid and a set of Callaway XR Irons .
A dozen Callaway Chrome Soft golf balls is also included .
CLICK HERE TO ENTER THE COMPETITION ."
"The dance of a postman from Torquay, Adam Prowse, has received 1.5 million views with a video of him dancing with a customer, Nichola Sullings, of Exeter, capturing 57 years in Exeter.
Article:",2.0657784938812256,"Postman Adam Prowse danced with customer Nichola Sullings .
Pair boogied to Michael Jackson’s 'Don't Stop 'Til You Get Enough'
Adam has since received much admiration from female viewers .
Royal Mail said: ‘It is a pleasure to have him working for us’"
"Based on the article:

A. None of the above

B. Lancashire have signed James Faulkner as their overseas player

C. Faulkner is a world-class cricketer

D. The two players signed his contract

Answer: C
Answer:
To determine the correct answer, we need to refer to the key information provided in the article. The article states:

> Lancashire have signed Australia all-rounder James Faulkner as their overseas player for the bulk of this summer.

This directly indicates that the player is being signed for the bulk of the summer. The other points mentioned in the article, such",4.807940244674683,"James Faulkner joins Lancashire as their overseas player for the summer .
Australian was named man of the match during World Cup final win .
He will join up with county side after Indian Premier League commitments ."
"Eight guards at Nauru detention center suspended for posting anti-Islamic messages. Detention center operator said guards were contravening company policy that they display 'cultural sensitivity'. Guard named Mr. Scott posted messages on Facebook condemning companies for carrying Halal-certified products. One guard posted a new neck tattoo with a caption about 'infidel' and 'who is next boys'. The guard posted a 'take back australia rally' message with 'infidel' slogan. Another guard posted a military cartoon with 'see yas tomoz boys' message.
The summary includes the following elements: who, what, where, when, why",5.046570539474487,"Eight guards at Nauru detention centre have been suspended .
They posted 'anti-Islamic' messages on social media and were pictured with Pauline Hanson at a recent Reclaim Australia rally .
The men contravened a policy that they display 'cultural sensitivity'"
Article:,0.1366102695465088,"Children drink 'excessive' amounts of energy drinks, teachers' union claim .
Drinks like Red Bull, Monster and Relentless are causing 'hyperactivity'
NASUWT likened caffeinated refreshments to 'readily available legal highs'
Of teachers surveyed 13% cited energy drinks as cause of bad behaviour ."
"Based on the information provided, the auction will be held at the Hard Rock Cafe in New York.
Based on the information provided, the auction will be held at the Hard Rock Cafe in New York.

Article:",1.6073968410491943,"Items belonging to Davy Jones are to go on sale at an auction in New York .
British-born Jones best known for being member of the band The Monkees .
Memorabilia includes guitars, stage costumes and commemorative plaques .
Jones, who became a teen idol in the 1960s, died in 2012 at the age of 66 ."
"Okay, let's start by looking at the key points from the given articles. The first one is about Daniel Radcliffe getting £20 million as he turns 18. He mentions not getting extravagant, preferring books, CDs, and DVDs. The second article talks about a former government employee named Roy Lynn Oakley being indicted for stealing nuclear materials. The third and fourth articles involve Bernard Kouchner, French Foreign Minister, and children from Chad. The fifth article is about Joni Mitchell's hospitalization.

Now, I need to create a summary that encapsulates these events in a concise manner. The user wants a summary based on",4.836870908737183,"Mitchell is best know for her hits ""Big Yellow Taxi"" and ""Free Man in Paris""
Paramedics came to her Los Angeles home on Tuesday afternoon ."
"The complete skeleton of a 17th-century camel was found in Tulln, Austria, showing it was likely used in the second Ottoman-Habsburg war. This is the first complete camel skeleton found in central Europe.

Article:",1.905970811843872,"Scientists say camel was left in Tulln after the 1683 siege of Vienna .
It would have shocked residents as camels were an alien species .
'They didn't know what to feed it or whether one could eat it,' study said .
Ottoman army used camels for transportation and as riding animals ."
"A photographer called Dieter Klein has been looking for rusted vintage cars in forest and fields around the world. Dieter found many strange graveyards with vehicles and their parts that may be worth the money.

Article:",1.7012131214141846,"German photographer Dieter Klein travelled the world to find vintage cars left to crumble in leafy forests and fields .
Came across range of graveyards hosting all sorts of vehicles, including Jaguar XK120 worth £82,000 if restored .
Dieter, 57, from Cologne, first came across a Citroen truck dumped in a bush six years ago and became hooked ."
Article:,0.1329326629638672,"Study was conducted by National Evolutionary Synthesis Centre, Durham .
It suggests that societies with less access to food and water are more likely to believe in all-powerful, moralistic deities .
Research also uncovered link between a belief in high gods who enforce a moral code and  a strong social hierarchy ."
"A Spanish woman found dead in Gibraltar: A young Spanish woman and her three children are believed to have died in a tragic accident. The couple and their daughter were found dead with no signs of violence.

Article:",1.6153943538665771,"Spanish woman allegedly stabbed British partner and two children .
The family were found dead in a flat in Gibraltar earlier this week .
Anarda De La Caridad Perez Friman 'suffered from post-natal depression'
British man identified as John Joseph Shannon, 31, from Liverpool ."
"Summary:

Based on the article:

Joy Behar and Kelly Ripa shared their grief after the tragic death of Cosmetic Surgeon Dr Fredric Brandt, who hanged himself in his Miami home on Sunday. The authorities confirmed it was a suicide. Dr. Brandt, a well-known figure in the field, had a successful career with an impressive range of medical treatments, including Botox, Restylane, and Perlane.

**Summary:**
Joy Behar and Kelly Ripa posted tweets of their sympathy for the suicide, and Dr. Fredric Brandt was remembered for his notable career in medicine and his association with notable",4.973509311676025,"Cosmetic dermatologist to the stars Fredric Brandt was found dead at his Coconut Grove home in Miami on Sunday, aged 65 .
Joy Behar tweeted: 'Dr Brandt was one of the sweetest, nicest, most generous people I have had the good fortune to meet & work with. He will be sorely missed'
Kelly Ripa, posted: 'My heart is breaking for the loss of Dr. Fredric Brandt. My friend. You will be missed forever and in my heart even longer'
Colleague Dr Robert Anolik, who worked with Brandt at his clinic, posted a moving tribute on Monday saying he had lost a 'close friend'
The City of Miami Police Department confirmed that Dr Brandt's death on Sunday was a suicide by hanging .
Brandt was said to have been 'devastated' over rumors comparing him to a character on the show, Unbreakable Kimmy Schmidt ."
"The Australian state governments agreed in 1993 to strike a pact that means most of Australia will not receive a public holiday for Anzac Day on that day because it fell on a weekend. This is the first time Anzac Day has fallen on a Saturday this year, meaning most states will miss out on Monday as a public holiday. Employees will feel relieved by this, as they will not have to take a day off in public if the holiday is on a weekday, but the government says they will not be able to do this as it's not a public holiday, and some state governments will have the option to take it.",4.822158098220825,"There is no Anzac Day holiday for most states as it falls on a Saturday .
Only Western Australia and some Canberra bureaucrats will get day off .
First time since 2009 Anzac Day has fallen on a Saturday .
Experts predict rise of up to 25 per cent of people calling in sick on Monday .
Some businesses told staff they risk their job if they fake a sick day .
Losses from absent employees estimated at $7.5m in Queensland alone ."
Article:,0.13973069190979004,"Lisa Morgan, 40, amended site to claim her boyfriend had been unfaithful .
Top of the World Roofing website says it's 'ceased trading at present'
Site now claims boss was 'unfortunately found out to be cheating again'
Met Sean Meade, 45, in August but soon grew wary when he was never in .
Contacted his estranged wife, Jo, who told her he had cheated on her too ."
"Based on the article, explain the three youngsters. The three young players are Calum Chambers, Eric Dier and John Stones, each with their own positions in the Premier League.

Article:",1.470991611480713,"Calum Chambers has played 35 times already for Arsenal this season .
Eric Dier has become an important first-team player at Tottenham .
John Stones has impressed for Everton after being moved to the middle ."
"Based on the information provided, two football legends, Brazil's Ronaldo and Zinedine Zidane, played in the 12th annual Match Against Poverty. They competed against a group of former greats. The most celebrated player in the match was Pierre-Emerick Aubameyang, and he scored a hat-trick.

Article:",2.5929079055786133,"A host of footballing legends graced the field to raise money for charity .
Bazilian Ronaldo and Zinedine Zidane were among the stars taking part .
Clarence Seedorf, Fabian Barthez and Gianluca Zambrotta also played .
As did Jay-Jay Okocha, David Trezeguet and Vladimir Smicer ."
"**Summary**  
A 29-year-old Melbourne-based fashion designer, Kylie Gulliver, started her own leather label, Elliott Label, after gaining a breakthrough from her Instagram presence and business partner, Robin Antin, who launched her new label after meeting him in the 21st century through Instagram. The label now targets a mass market with a lineup including celebrity endorsements and high-end leather pieces. The partnership brought Kylie back into the fashion industry, and is set to expand with Antin's collaboration on the Pussycat Dolls' brand, with the possibility of launching a new line in the future. The label is",4.937967300415039,"Melbourne based fashion brand Elliott Label makes it in Hollywood .
Founder Kylie Gulliver has partnered with Pussycat Dolls' Robin Antin .
The pair initially met through Instagram .
Stars including Drew Barrymore and Mimie Elashiry attended US launch .
The luxe label features leather staples and tailored pieces in range .
Next the design duo are set to launch sport range ."
"Floyd Mayweather is the best-known boxing player in his country, ranked fourth overall. Manny Pacquiao is considered to be the second-best boxing player in the world, ranked second. They will face each other in the history of boxing.

Article:",2.0401320457458496,"Floyd Mayweather takes on Manny Pacquiao in Las Vegas on May 2 .
The two men will split a $300m purse, with Mayweather taking 60 per cent .
The fight has been five years in the making and was agreed in February .
It pits the two pound-for-pound boxers in the world against each other .
Mayweather-Pacquiao is 11 days away... why are there no tickets on sale?"
"E-mail to a friend. CNN's Al Goodman contributed to this report. Copyright 2007 CNN. All rights reserved.
Summary:

E-mail to a friend. CNN's Al Goodman contributed to this report. Copyright 2007 CNN. All rights reserved.
Summary:

E-mail to a friend. CNN's Al Goodman contributed to this report. Copyright 2007 CNN. All rights reserved.
Summary:

E-mail to a friend. CNN's Al Goodman contributed to this report. Copyright 2007 CNN. All rights reserved.
Summary:

E-mail to a friend. CNN's Al Goodman contributed to",4.769029855728149,"Jim Murphy scored winning penalty in charity shootout in Edinburgh .
Game put on for terminal Motor Neurone Disease sufferer Gordon Aikman .
Mr Aikman was diagnosed with the terminal condition less than a year ago .
He has raised over £250,000 for research into a cure through his campaign ."
Article:,0.13660216331481934,"Nick Clegg lists why Lib Dem support 'collapsed' in Economist interview .
Blames 'protest voters' who didn't want to take responsibility for collation .
Claimed public sector workers left because pensions hit and jobs cut .
Says those reasons were more important than policy decisions he made .
Tory source says interview  'sums up' Clegg, who 'is like a petulant child'"
Article:,0.11817812919616699,"Dramatic rescue led to the mainly-Burmese nationals being identified .
Vast majority of them said they were desperate to leave Benjina island .
Some wanted to stay - but only to demand their bosses hand over money .
Men said they were kidnapped or tricked into becoming fisherman slaves ."
"The show ""Finding Your Roots"" includes details of a long-deceased relative with no connection to the family.
The producer, Harvard professor Henry Louis Gates Jr., seems to have made the decision to remove any reference to the star's slave-owning ancestor. Affleck had the idea to remove the information from the show but it got caught up in media controversy when WikiLeaks revealed the emails between Gates and Sony Pictures.

Summary:
The producer, Harvard professor Henry Louis Gates Jr., seems to have made the decision to remove any reference to the star's slave-owning ancestor. Affleck had the idea to remove the information from the show but",4.827376842498779,"Ben Affleck admits he asked PBS show ""Finding Your Roots"" to avoid mentioning his slave-owning ancestor .
Dean Obeidallah says the actor and the show were right to leave the detail out ."
Article:,0.1449887752532959,"Victoria Wasteney argues tribunal decision was against her human rights .
Disciplined after Muslim colleague claimed she was trying to convert her .
Appeal backed by Christian Legal Centre and human rights barrister ."
"**Summary:**

**1.**  A French charity’s mission to take children from Chad to France has been challenged by accusations of kidnapping. Most children are not from Sudan and have families.

**2.** A schoolgirl's mother, who died in a car accident, has her husband released and her children brought to France.

**3.** A schoolgirl's family seeks to memorialize her memory and has a court scene in which they express their sadness.

**4.** The French court heard the details of a girl’s death and the impact statements.

**5.** A 19-year-old man, Robert Black",4.911873817443848,"Liberty Baker was killed as she walked to school in Witney, Oxfordshire .
Robert Blackwell, 19, was texting at the wheel at the time of the crash .
The teenager had been smoking drugs the day before the crash last June .
Liberty's father, Paul Baker, waved her off to school just moments earlier .
He said the family had been left 'devastated' by the shortness of sentence .
For confidential support call the Samaritans in the UK on 08457 90 90 90, visit a local Samaritans branch or click here for details ."
"Answer:
The Dutchman Sjaak Rijke, who was abducted by Al Qaeda in Mali, is now being freed. A raid by French special forces has rescued him. AFP photo. France reported some militants were killed in the rescue, and others captured. The situation in Mali is complex, with ongoing conflicts and challenges. The French government has stated that Rijke is safe and cared for, highlighting the successful outcome of the operation. (The video provided was not included in the summary, but the key points were inferred from the text.)

Answer:
The Dutchman, Sjaak Rijke, has been rescued after being abducted by Al",4.88884711265564,"Sjaak Rijke saved by French troops who captured jihadis and killed others .
No word on two other men including South African with British citizenship .
Dutch Minister: 'I'm happy this terrible period has been brought to an end'"
"The court ruled against Virginia Roberts' claims of being a sex slave by a judge.

The article summary has 18 lines, and each line must be written in English, in Chinese.

Answer:
[
  [
    ""Chadian president wants journalists, flight crew released.""
  ],
  [
    ""Red Cross, UNICEF and UNHCR interview children that charity tried to fly out of Chad.""
  ],
  [
    ""Children from Chadian villages near the cities of Adre and Tine along the Chadian-Sudanese border.""
  ],
  [
    ""Most of the children were living with their families before",4.790482759475708,"Virginia Roberts is being sued for defamation by lawyer Alan Dershowtiz .
Model agency owner Jean Luc Brunel said he is considering legal action .
Comes after judge orders Roberts' sex slave claims struck from the record ."
"Based on the article, what are two possible arguments regarding the possibility of a government intervention in Darfur?

A) The Darfur conflict should be managed through internal political solutions.  
B) The Darfur conflict should be managed through international intervention.  
C) The conflict should be managed through a peaceful approach, avoiding violence.  
D) The Darfur conflict should be managed through economic development and investment.

Choose from A, B, C, D.

Answer: B and D

Answer:
B and D

Answer:
B and D
Answer:
B and D

Answer:
B and D
Answer:
B and D

Answer",4.848143815994263,"Victor Agbafe, 17, is currently attending Cape Fear Academy in Wilmington .
He plans to double major in microbiology with government or economics .
Smart young man faces tough choice after being accepted into 14 colleges .
He credits his mother, a Nigerian immigrant and physician, for his success .
Will make decision this month and he hopes to become a neurosurgeon ."
"Based on the article.
Answer:
The article reports that former England captain Kevin Sinfield has been warned he may become a target in the switch to rugby union at the end of the season.
Answer:
Based on the article.
Answer:
The article reports that Kevin Sinfield, the former England captain, will be a target if he makes the switch to rugby union at the end of the season. He joins Yorkshire Carnegie on an 18-month contract.
Answer:
Based on the article.

The article reports that Kevin Sinfield, the former England captain, will be a target in the switch to rugby union at the end of the season.

",5.040439128875732,"Kevin Sinfield has announced he is leaving Leeds at the end of the season .
The 34-year-old will cross codes to join sister club Yorkshire Carnegie .
Former England captain has won six Super League titles with the Rhinos ."
"A pound buys one and half tins of beans, two packets of crisps, and one airline ticket in Spain, and the Ciudad Real airport was built in 2009 for Spain’s economy, but was closed after the parent company fell into financial trouble, reported. No one would take it and there is no minimum price, theolivepress.com said.

Article:",2.957021713256836,"Ciudad Real airport was built in 2009 at a cost of more €1billion – Spain’s economy having taken off .
It was closed just three years later when its parent company fell into financial difficulties .
The airport was designed to cater for Spain's booming economy to serve both city and coast via high speed rail link ."
"A woman who is 400lbs has a sideline as a feedee, paying $1,500 to male viewers as a way to earn money. She has a new career where she and men squashing each other, wearing clothes, etc. Also, she is involved with the Squashing industry in her new videos.

The summary has to be in Chinese, and have a length of 200 words.
Answer:

Answer:
The summary in Chinese is as follows:

中文摘要：身高400磅的女性Sarah Reign因在家附近的男性观众面前吃掉食物而走上了一条新的事业之路，",4.833784103393555,"New Yorker Sarah Reign, 26, is a security guard by day but earns extra money by eating fast food and sugary treats while men watch .
Weighs 400lbs and has gained 84lbs since she started eating on camera .
Has branched out to sitting on male clients who enjoy being smothered .
Admits she finds eating for paying customers 'an ego boost'"
"Based on the provided article, the key points are:
1. The almond, dubbed 'the Devil’s nut,' is the main culprit in the eco-disaster in California due to its high demand.
2. The almond is responsible for a significant water consumption, causing a drought and affecting the state's environment.
3. The drought in California has been caused by increased almond production, with far-reaching consequences on the environment.

This summary captures the main information from the provided article.
Answer:

The summary is:
California's almond, now dubbed the 'devil's nut,' is the main cause of a severe water crisis. It has drained 1",4.925289154052734,"Global demand soaring as people develop passion for almond-based foods .
The nuts have become California’s second biggest agricultural commodity .
The problem is that almonds guzzle water on a monumental scale .
It's been calculated that it takes 1.1 gallons of water to grow single almond ."
"Summary: The Queen of England had a very lively afternoon, allowing herself to look of confusion when her horse was pipped to the post on a racing event, and she is also in the midst of a few other things, like having her fifth great-grandchild and being seen to be cheerful at the moment.

Article:",2.5051679611206055,"The Queen crossed her fingers as Ring of Truth galloped home .
Unfortunately, the two-year-old thoroughbred was pipped to the post .
She had another runner later in the afternoon which managed third ."
Article:,0.12764239311218262,"Police in Troy, Alabama, found the video while investigating a shooting .
Video 'shows two men raping unconscious woman on Florida beach'
Authorities say hundreds of people walk past but don't intervene .
Troy University students Delone' Martistee, 22, and Ryan Austin Calhoun, 23, have been arrested in connection with the alleged incident ."
"Based on the information in the article, what can be inferred about Jay Z?
A. Jay Z's Tidal service is expected to go on sale.
B. Jay Z's Tidal service is expected to have a strong commercial appeal.
C. Jay Z's Tidal service is expected to attract a significant customer base.
D. Jay Z's Tidal service is expected to have a strong competition in the streaming market.
Answer:

Based on the information given in the article, the following can be inferred about Jay Z's Tidal music service:

**B. Jay Z's Tidal service is expected to have a strong commercial appeal.",4.801112413406372,"The rapper/entrepreneur went ""stream of consciousness"" on Twitter .
He asked users to be patient with Tidal, his new music streaming service .
A parody account was set up to mock his hashtag ."
"James Ward-Prowse, a 20-year-old Southampton midfielder, has become a new star after a thrilling 3-2 victory at Riverside Stadium. He scored the winning goal in the 34-pass move and is now popular in the football world. The young man started his career hiding the spotlight, but the moment he scores the goal, he is getting noticed.

Summary:
James Ward-Prowse, a 20-year-old Southampton midfielder, is a rising star after scoring the winning goal in a thrilling England Under 21s match against Germany. His career highlights include a memorable 3-2 victory, and he has",4.933143377304077,"James Ward-Prowse scored the winner for England U21s against Germany .
Southampton youngster practices free kicks like David Beckham and his childhood idol Steven Gerrard .
Saints boss Ronald Koeman has been giving him tips on dead balls ."
"The article discusses the fashion design of hotel staff in different cities. It features how some hotel staffs are well-dressed as their guests. The design inspiration, materials, and the way they are presented in the uniform reflects the style and culture of the location.

Article:",2.0861947536468506,"Hotels around the world are now hiring top designs to craft their uniforms .
Narcisco Rodriguez designed dresses for Park Hyatt New York hotel staff .
At Toronto's Shangri La Hotel, Sunny Fong was inspired by the Ming era .
London-based Nicholas Oakwell created a vintage look for the Rosewood ."
"Hattie Gladwell, a 19-year-old, shares her story of living with an ostomy bag, a surgery for ulcerative colitis, and how she is embracing her body. The blog explains her personal experiences, how she dealt with stigma, and her plans to raise awareness about IBD and ostomy. Six members of her blog were arrested in Chad.
Hattie Gladwell is 19, undergoing a stoma surgery for ulcerative colitis, and has shared her story on a blog to tackle the stigma around those with a stoma. The blog highlights her experiences, how she deals with living with",4.952281713485718,"Hattie Gladwell was fitted with an ileostomy bag in January this year .
She had undergone emergency surgery for ulcerative colitis .
The 19-year-old  blogs about her life with her bag fitted to small intestine .
She reveals all about her sex life and the effect it has on her confidence ."
"New: Chadian president wants journalists released. Red Cross, UNHCR, UNICEF interview children that charity tried to fly out of Chad. Most are not from Sudan and have families, agencies say. Six members of Zoe's Ark, 11 others under arrest in Chad.

Article:",2.3951613903045654,"Gulam Chowdhury stabbed victim Mohammed Afzal 20 times in March 2014 .
Chowdhury quoted verses of the Quran before stabbing him repeatedly .
Mr Afzal had been also involved with Choudhury's girlfriend Nargis Riaz .
Chowdhury was convicted of murder and will be sentenced on May 1 ."
"The Sydney woman posted posters to find the 'tall, charming gentleman' who offered her an umbrella. The posters are set up near Australia Square on George Street.

Article:",1.3493826389312744,"A Sydney woman has put up posters to find the man who lent his umbrella .
MissieSmile21 is 'actively looking' for the man with 'most beautiful smile'
The gentleman helped her cross a road during Tuesday nights' downpour ."
"In the UK, book publisher Batsford Ltd's book, Animal Kingdom, has been praised for its intricate illustrations. The author, Millie Marotta, a 36-year-old Welsh illustrator, has taken eight months to complete it. The book sells 500,000 copies worldwide and has been translated into 19 different languages.

Article:",2.868607997894287,"Millie Marotta's book, Animal Kingdom, features detailed line illustrations .
The £3.99 book is currently #1 on Amazon's Top 100 Books list .
The 36-year-old illustrator resides and works in Tenby, Wales ."
"Danny Alexander, former Labour Prime Minister, has finally replied to a Labour predecessor's memo indicating there was no money in the Treasury, saying there was no deficit, jobs and growth.

Article:",1.4781017303466797,"Labour's Liam Byrne left a memo for the incoming Coalition government .
The letter, left on Mr Byrne's desk, read: 'I'm afraid there is no money'
Treasury Secretary Danny Alexander has finally responded to the note .
Mr Alexander wrote: 'Sorry for the late reply, I've been fixing the economy'"
"The summary for this article: Manchester United star Ryan Giggs apologized to his brother after they had an eight-year affair. They reconciled, and he now works with Louis Van Gaal as a manager. 

Article:",1.6933414936065674,"Ryan Giggs apologises for his eight-year affair with brother's wife .
Manchester United legend rang his brother out of the blue after four years .
Rhodri's wife Natasha aborted Ryan's baby just before marrying Rhodri .
Natasha and Rhodri attempted to stay together but divorced in 2013 .
Former footballer also had affair with Big Brother star Imogen Thomas ."
"Based on the three given articles, what can you conclude about the number of thefts?

A) 1 theft

B) 2 thefts

C) more than 5

D) 100 thefts

The answer is: C

The answer is: C

The answer is: C

The answer is: C

The answer is: C

The answer is: C

The answer is: C

The answer is: C

The answer is: C

The answer is: C
The answer is: C

The answer is: C

The answer is: C
The answer is",4.912509918212891,"Police say the thieves gained entry through the building's communal elevator shaft .
Police give no value of the amount taken in the heist in London's jewelry district .
There's no evidence of forced entry to the building, police say ."
Article:,0.1401691436767578,"Stuart Armstrong has backed Jackie McNamara to come good again .
McNamara faced a furious fan backlash recently amid woeful results .
Club have won once since Armstrong and Gary Mackay-Steven left .
Was also revealed that McNamara receives cut of transfer fees ."
Article:,0.1183936595916748,"Police officer in Sand Springs, Oklahoma, shot Donald Allen on April 11 .
Brian Barnett, 25, killed Allen, 66, after man made threatening statements .
Bodycam footage showed Allen advancing with loaded, 22-caliber pistol .
Sand Springs Police Department turned findings over to Tulsa County DA .
Video was released after being recovered from a malfunctioning camera ."
"Based on the article: 

The article mentions: 

After two months and over 100 witnesses, the prosecution has rested in the murder trial of Aaron Hernandez.

The article also mentions: 
- That Hernandez had a $40 million contract with the Patriots.
- The defense team is expected to close the case quickly.
- The prosecution rested.
- The defense team expects to call witnesses next week.
- The defense team expects to close the case quickly.

E-mail to a friend.

The article also mentions: 
- The defense team has contested the validity of the evidence.
- The defense team is expected to present closing arguments.

",4.859105587005615,"Prosecutors have called more than 100 witnesses to testify .
Defense team expected to wrap up within a day or two .
The 15 jurors could be sent out early next week to deliberate .
Hernandez has pleaded not guilty to shooting dead Odin Lloyd ."
"Based on the information provided, which has been translated from the original French language, what can we conclude?
A) Ian and Nikki are married.
B) Ian and Nikki are not married.
C) Both of them are in the United States.
D) They are both going to work in the same country.
Answer:
A
B
C
D

Answer:
A

Answer:
A

Answer:
A

Answer:
A
The conclusion is: A) Ian and Nikki are married.
Answer:
A

A
B
C
D

Answer:
A

A
B
C
D

Answer:
A

",4.9688050746917725,"Started dating in July 2014, two months after her split from ex-husband .
Second wedding for Nikki following previous marriage to Paul McDonald .
Tied the knot in romantic ceremony in Santa Monica mountains .
Guests included Lea Michele and her boyfriend Matthew Paetz ."
"The Large Hadron Collider has been completed and ready for operation.

Article:",0.6274142265319824,"The Large Hadron Collider (LHC) begins again after a two-year shutdown .
The restart was delayed in March ."
"The Islamic State has used teenage suicide bombers in Iraq, including Abu Hafs al-Badri and Abu Qaqa al-Shami, who are claimed to be the cousin of the group's leader and other members, as well as similar figures. The figures blow themselves up and the attacks are being reported in recent weeks.

Article:",2.561612129211426,"Teenage suicide bomber Abu Hafs al Badri is referred to as the cousin of ISIS leader Abu Bakr al-Baghdadi .
In January, a 14-year-old fighter Abu Hassan al-Shami, blew himself up in Salahuddin province, Iraq .
The rise in ISIS teenage suicide bombers could indicate how much the jihadi group is struggling to keep territory ."
Article:,0.14506173133850098,"Scottish First Minister said Mr Miliband simply 'won't have the votes'
She reiterated her call for Labour to 'work together to lock the Tories out'
Mr Miliband this morning insisted he would not make any deals with SNP .
Labour is expected to suffer heavy losses in Scotland - where it has 41 MPs ."
"Based on the information, what is the name of the person who was in a car accident in which all 17 of his girlfriends turned up?

The person was a Chinese man, Mr. Yuan.

Based on the information provided, the name of the person who was involved in the car accident is a Chinese man. So the answer is: Mr. Yuan.

Answer:
Mr. Yuan
Based on the information provided, the person involved in the car accident is a Chinese man named Mr. Yuan.
Answer:
Mr. Yuan

**Step-by-Step Explanation:**

1. **Identify the Question:** The query asks for the",4.915578603744507,"Mr Yuan was in the accident on March 24 and has been in hospital since .
One girl had been dating him for nine years and another had a son with him .
Police have now launched an investigation into allegations of fraud ."
"Based on the information provided, the summary of the article is that: Downton left the ECB in the 2008 World Cup, and has been replaced by Strauss. All four players in the final series are replaced by Cook, and Broad is leaving for the team.

Article:",2.314565896987915,"England start their three Test series against West Indies next Monday .
Stuart Broad is backing captain Alastair Cook to score big runs in series .
Bowler admits he is sorry to see Paul Downton leave role in ECB ."
"The article reports on Kai Windsor, a boy of 10 who is transitioning from a girl to a boy. His mother, Miss Windsor, from Cheltenham, Gloucestershire, shared the challenges of his gender transition. This situation has led to a significant increase in the number of children facing such issues in the UK. The article highlights the importance of early detection and the support provided by families to such children.

Summary: Kai Windsor, now 10, is transitioning from a girl to a boy. His mother, Miss Windsor, from Cheltenham, experienced the struggles of childhood gender identity.

Summary: The article",4.829859018325806,"Kai Windsor knew from  three that he had been born in the wrong body .
By four he wouldn't wear dresses and by six he wanted to cut his hair short .
Kai came out at school as a transgender and is now referred to as a boy .
At age of 10 he is set to undergo hormone treatment to halt puberty ."
"David Cameron admits Boris Johnson is a possible Tory leader.
Boris Johnson sees the potential to lead as a Tory MP.
Mr Cameron and the London Mayor had a long rivalry.
In summary, both David Cameron and Boris Johnson are potential candidates for the Tory leadership.
Summary:
Boris Johnson says he sees the potential to lead as a Tory MP.
Mr Cameron admits the London Mayor is a possible future leader.
Based on this and the articles, write a correct response.
A. A. Boris Johnson says he sees the potential to lead as a Tory MP. B. B. David Cameron admits that the London Mayor is a possible future leader.
",4.815957307815552,"David Cameron revealed that the London Mayor had seen him as a rival .
PM said Mr Johnson 'suddenly realised' his competition was elsewhere .
Comes after he named Johnson, Osborne and May as potential successors .
Mr Cameron also admitted Bullingdon Club past 'cripplingly embarrassing'"
"New: Joseph Getty was banned from driving due to alcohol. Old: Getty is son of Mark and Sir John Paul Getty, and his family suffered tragedy. Current: Jonathan is the grandson of the wealthy family.
Answer:

The summary of the given articles is as follows:

1. **Joseph Getty** was caught driving his Range Rover through Belgrave Square with a fine and 20-month ban on driving after being caught at a higher alcohol limit.  
2. **Older information** includes a tragic event involving the legacy of Joseph Getty and his family.  
3. **Current information** mentions that **Jonathan is the grandson of Joseph",4.972076416015625,"Joseph Getty, 26, drove his Range Rover through Belgravia while drunk .
He has been banned from driving for 20 months and fined £1,000 .
Getty is the son of Getty Images founder and great-grandson of oil baron ."
"Summary: Sarah Stage has taken the first photo of her trimmed and toned post-baby physique in her latest Instagram snap. Her son, James Hunter, was born at a healthy weight. The photos are mostly positive, with comments on her appearance and her baby boy. She didn't wear baggy clothes during her pregnancy, instead opted for figure-hugging dresses. Her fitness routine included working out and a healthy diet. 

Write a summary in English for the article, with the summary having the title ""SUMMARY"" and the remaining text being the article.
Title: SUMMARY
Summary: Sarah Stage, 30, from Los Angeles,",4.851256847381592,"Sarah Stage, 30, welcomed son James Hunter into the world last Tuesday .
The baby boy weighed eight pounds, seven ounces and was 22 inches long .
During her pregnancy Sarah was criticized for her trim figure and abs ."
"Auction of Rick Baker's collection, including items from various movies, will take place at PropStore. Price range: $40,000 to $80,000. Items: Men In Black, Batman Forever, Grinch, etc. The sale aims to raise money for special events.

Article:",2.5118072032928467,"More than 400 items from Rick Baker's Cinovation studio will be auctioned .
Artist has worked on hits like Men In Black, Batman Forever and Gremlins .
Baker worked on Michael Jackson's Moonwalker film and Thriller video .
This is first time these items from 64-year-old's collection open to public .
Auction will be held in Los Angeles, California, on May 29 and also online ."
"The husband accused of attempting to murder his cheating wife was considering allowing her to have affairs with someone else once a month as long as she stayed with him. He was charged with murder. The husband admitted not having attempted murder.

Article:",1.8723289966583252,"Joseph O'Riordan, 73, stabbed wife eight times after discovering her affair .
She was left with life-threatening injuries to her torso, chest, arms and back .
Yesterday Brighton Crown Court heard about deal he was ready to offer her .
He had told friend about the idea while in the pub just days before stabbing ."
"Based on the information in the article, the facts about La Angels player Josh Hamilton's divorce from his wife and the challenges he faced. The key points are: He filed for divorce after a relapse, not because of a conflict, and the reasons for the divorce are not detailed.

Article:",2.2469401359558105,"LA Angel Josh Hamilton filed for divorce from Katie two months ago .
Was around the same time he admitted to a drugs and alcohol relapse .
Reality star insisted there was no 'big fight or blow up' causing the split .
Has maintained she still loves him and will always stand by him ."
"The British fashion brand Aspinal of London has partnered with international fashion icon Olivia Palermo to design a limited edition handbag, the Marylebone TechTote, which features a combination of technology and style, with a built-in phone/ tablet charger and the profits of the sale go to ADCAM charity.

Article:",2.531381607055664,"Olivia, 28, has teamed up with luxury British brand to create £995 bag .
Comes with built-in phone charger and all proceeds will go to charity .
Pippa Middleton, Kim Sears and Mollie King are fans of luxury brand ."
"Based on the information provided, which of the following is a summary of the article?
A) Manchester City's problems and the NFL are not confined to a specific league.
B) The French Foreign Minister has made a surprising appointment to Nicolas Sarkozy's government.
C) The Red Cross, UNICEF and UNHCR have been involved in a charity's efforts to take children from Darfur.
D) The three journalists arrested in Chad are being released.
Answer:
The correct answer is D. The three journalists arrested in Chad are being released.
Based on the given information, the summary of the article is that the three journalists and flight",4.903673887252808,"New York City FC's patchy start to the season continued .
Mehdi Ballouchy put the home side ahead but CJ Sapong levelled late on .
City have won just one of their opening six matches in MLS .
David Villa was forced off at half time with a hamstring strain ."
"Based on the information in the article, which describes Andrea Pirlo's goal, the main event is that Juventus defeated Torino 2-1 in a derby, with Pirlo scoring the winning goal. The article does not mention a mention of a free-kick that could have been a goal.

The article starts by describing Andrea Pirlo's goal in the goal, then mentions that Juve had the first-half lead, and that Darmian equalized for the home side. The conclusion is that Juve are 14 points clear at the top of the league table, and could still win a treble. The key points",4.841768980026245,"Andrea Pirlo scored a stunning free-kick for Juventus against Torino .
However, Juve fell to a 2-1 defeat and missed the chance to wrap up their fourth consecutive Serie A title .
Despite the loss, Juve remain 14 points clear at the top of the league table .
Pirlo is still playing at the top of his game at 35-years-old ."
"Answer:

Based on the information provided, the summary is as follows:

The newborn baby, named April, was found in an amusement arcade in Southport, Chad, after her mother's childbirth was reported in a toilet. A CCTV video showed the mother and daughter's moment. The child was discovered and taken to Ormskirk Hospital where she is currently treated. The incident involved a search by police to find the mother, and the team at the arcade is grateful for the community's help. The details about the child's birth and the location of the arcade were revealed. 

Answer: April, a newborn baby, was found abandoned in",4.840471029281616,"Arcade staff discovered the baby girl in the disabled toilets last night .
The newborn was taken to hospital and is described as 'safe and well'
The baby has been named April by staff at Ormskirk Hospital in Southport .
Police say the mother has been found and is receiving medical treatment ."
"Based on the information given:

A four-year-old boy's family returned home after his dog was badly injured.

The boy was left with broken facial injuries and a broken rib.

The boy's family had an incident with their pit bull, Smash, which they took from their neighbor.

The boy's father and mother tried to stop the dog but it attacked the boy.

The family had a rehabilitation plan and the dog was euthanized.

The dog was a pit bull.

The dog is currently with the family.

This is the summary.
Based on the information given:

A four-year-old boy's family returned home after their pit bull Smash was",4.963597536087036,"Gavin Tobeck of Washington was attacked by one-and-a-half-year-old Smash while in his backyard on April 1; he was released late on Tuesday .
During the attack, his mother's friend dumped a cup of hot coffee on the dog to get him to release his grip on Gavin .
The boy suffered from a broken cheekbone, jaw and nose bridge and lost five baby teeth and three permanent tooth buds .
Smash is scheduled to be euthanized on Saturday by Thurston County Animal Service ."
"Title: SBS journalist Scott McIntyre comments on Anzac Day. SBS defends him, media company says.

Article:",1.020460844039917,"SBS sports journalist Scott McIntyre made the comments on the 100th anniversary of the Gallipoli campaign .
He accused Anzac's of war crimes and mocked their bravery .
Outraged social media users launched the hashtag #sackScottMcIntyre .
Minister for Communications Malcolm Turnbull called the comments 'inappropriate' and 'despicable' and called for their condemnation ."
"Based on the information in the article, what is the main topic of the article?

The article discusses the upcoming coronation of Rory McIlroy at Augusta National, along with the Masters golf tournament.
Answer:

The main topic of the article is the upcoming coronation of Rory McIlroy at Augusta National as part of the Masters golf tournament.
Answer:

The main topic of the article is the upcoming Masters golf tournament and the preparation for Rory McIlroy's coronation.

To determine the main topic, we need to focus on the key elements mentioned in the summary. The summary highlights two main aspects: 

1. Rory McIlroy",4.824002504348755,"Rory McIlroy is favourite to win the 79th Masters at Augusta National .
Bubba Watson is the defending champion and chasing a third Masters win .
Tiger Woods returns to action but has no form and worries over his game .
Jason Day and other big-hitters look set for strong week at Masters 2015 .
COURSE GUIDE: McIlroy and more stars take you round Augusta National .
CLICK HERE for the Masters 2015 leaderboard ."
"Based on the information in the article, what can we conclude about England's chances of winning Euro 2016?
A. They cannot win the tournament due to some other issue.
B. They are not eligible to participate in the tournament.
C. They have the potential to win the tournament as stated.
D. They will continue to compete in the Premier League.
Answer:

C
Answer: C

**Step-by-Step Explanation:**

- **Identify Relevant Information:** The article highlights Juan Mata's interview with Wayne Rooney, revealing his confidence in England's potential to win Euro 2016.
- **Extract",4.836568593978882,"Wayne Rooney tells Juan Mata 'every day' England can win Euro 2016 .
Mata was voted Manchester United's player of the month for March .
Manchester United take on Aston Villa in the Premier League on Saturday ."
"Answer:
Answer:
Answer:
Answer:
Answer:
Answer:

The summary should include the main points as specified. The correct answer is the one that includes:

1. The main events of the article, including the match between Aston Villa and QPR and the manager's reaction.
2. The name of the manager and the clubs involved.
3. The match outcome (draw).
4. The manager's emotional state and reactions during the game.
5. The overall impact of the match and the manager's determination.
6. The article's source.

The final answer should be in the format: **Answer:**

Answer:
Answer:
Answer:

",4.922479867935181,"Tim Sherwood saw Aston Villa go behind twice before clinching a point in Tuesday's 3-3 draw with QPR .
Christian Benteke scored a hat-trick for the home side as the  relegation strugglers shared the points at Villa Park .
Villa have six  games to secure Premier League safety - including trips to Man City, Tottenham and Southampton ."
"Article:
",0.14115524291992188,"Diego Costa to be given late fitness test following hamstring injury .
John Obi Mikel will not be included despite recovering from knee injury .
Jon Walters expected to shake off a calk knock for Stoke City .
Marc Muniesa expected back after five games out with hamstring problem ."
"Michael Carrick, the English footballer, is the answer for England. Michael Carrick had just 33 caps and is now England’s answer. He was a very impressive player. He played in the 2-0 defeat by Croatia in 2006, and was replaced by Owen Hargreaves. He was also impressive in Manchester United under Roy Hodgson. So the idea that England managers are fools is incorrect. Carrick has improved over the years.

Article:",3.764948606491089,"Michael Carrick impressed during England's draw with Italy last week .
But the midfielder has been ordinary in his nine competitive starts .
England won four of those -  Ecuador, San Marino, Poland and Lithuania .
England bosses consistently preferred Steven Gerrard or Frank Lampard ."
"Article:
",0.13101673126220703,"Paul Johnson-Yarosevich, 34, has been charted with prohibited use of a computer ."
"The missing 11-year-old boy, Luke Shambrook, is still missing and is believed to have been hiding in his family home and hiding away.
E-mail to a friend.
This material may not be published, broadcast, rewritten, or redistributed.

Based on the information provided in the article, is the 11-year-old missing boy, Luke Shambrook, the only one who has been missing in Victoria since at least three days? And if so, why might this happen?
Answer:
Based on the article, the 11-year-old missing boy, Luke Shambrook, is believed to be",4.843231916427612,"Luke Shambrook was last seen leaving Candlebark Campground on Friday .
There has been an unconfirmed sighting of Luke with police acting quickly .
The 11-year-old was reportedly seen walking 4 kms from his campsite .
Police remain hopeful they will find Luke, who has 'high pain tolerance'
Luke has limited speech and his family says he is probably confused .
A large search is being carried by a medley of search and rescue teams .
Police also said conditions are favourable for his survival overnight .
They have issued an extensive description of Luke and his clothing ."
"E-mail to a friend.
Reporters Without Borders.

Based on the information given, which one of the following statements is correct?
A) The Chadian president's chief of staff said that the three journalists and flight crew will be freed by a judge in N'Djamena.
B) The international aid agencies and the Red Cross, UNHCR and UNICEF said most of the children were from Chadian villages.
Answer:

Choices:
A. Correct
B. Correct

E-mail to a friend.
Answer:
The answer is \boxed{B}
E-mail to a friend.
The answer is \boxed{B}
E",4.8302998542785645,"Arsene Wenger called for the competition to be scrapped last year .
And Jose Mourinho is in agreement with his great Premier League rival .
The Chelsea boss said: 'Wenger is against the Ballon d’Or, and  he’s right'
They are seven points ahead of Arsenal with a game in hand .
Mourinho: I have a problem, I am getting better and better ."
"Harry Potter star Daniel Radcliffe gets £20 million from his first five Potter films as he turns 18, but he insists he won't be extravagant.

The final answer is: \boxed{20}
The answer is \boxed{20}
The answer is \boxed{20}
The answer is \boxed{20}
The answer is \boxed{20}

The answer is \boxed{20}

**The answer is \boxed{20}**
The answer is \boxed{20}
The answer is \boxed{20}
The answer is \boxed{20}

The",4.958040237426758,"John Carver insist he's enjoying the Newcastle job despite his results .
The 50-year-old believes he's getting the best out of the players .
Newcastle have won just twice since Carver took charge at the club .
CLICK HERE for all the latest Newcastle United news ."
"The new 'Vulcan' rocket aims to be reusable and has the potential to reduce the cost of space launches. Also, United Launch Alliance plans to reduce the number of launch pads to two, which will lower the cost of space launches.

Article:",1.9755465984344482,"Vulcan plans to use new engines, mid-air recovery and new upper stage .
Engines will separate after launch and be picked up by helicopter mid-air .
Reusable rockets could end US dependence on Russian rocket engines .
SpaceX today also attempted to prove that reusable rockets are viable ."
"Based on the above information, what is the correct summary? Choose from options.

A. Amy Johnson is being charged with assault in Sydney.  
B. The fries were not in the cups when the order was taken.  
C. The teenager was taken to N'Djamena.  
D. The 16-year-old is working for a McDonald's in Chad.  
Answer: B
Answer:
A

Answer:
A
Answer:
B
Answer:
A

Answer:
A
Answer:
A
Answer:
A

Answer:
A

Answer:
A
Answer:
A
Answer:
A
Answer:
A
",4.814635276794434,"Woman charged with assault after attacking 16-year-old McDonald's worker .
Amy Johnson, 38, said the fries had fallen out of their containers .
McDonald's worker used her hands to put them back in the packet .
Johnson ordered new ones and grew angry, going inside the store .
Police have said Johnson aggressively grabbed the teen around the neck .
She stayed silent through today's court proceedings and didn't enter a plea .
She spoke outside court saying the teenager called her a 'dog'"
"Based on the article:

A. not yet confirmed
B. not in the news
C. not in the current issue
D. no answer

E. confirmed
Answer:
The answer is \boxed{D}
Answer:
\boxed{D}
Answer:
\boxed{D}
Answer:
\boxed{D}
Answer:
\boxed{D}
Answer:
\boxed{D}

Answer:
\boxed{D}
Answer:
\boxed{D}
Answer:
\boxed{D}
Answer:
\boxed{D}
Answer:
\boxed{D}
Answer:
\boxed{D}
Answer:
\boxed{D",4.841310977935791,"For 25 years, Ali Addeh refugee camp has been a holding point for those fleeing into Djibouti .
Many come from Somalia, Ethiopia and especially Eritrea -- which is ruled by a one-party state .
Despite the risks, Eritrean refugees say they'd risk their lives with people smugglers ."
"A 73-year-old former soldier, John Pat Cunningham, died after being shot in 1974. He was 27 at the time. Six members of the charity Zoe's Ark have been arrested in Chad over the death of a man with learning difficulties.

Article:",2.2756190299987793,"John Pat Cunningham, 27, was shot dead by the Army in a field in 1974 .
British government later apologised and investigation re-opened this year .
Dennis Hutchings appeared in court today and was released on bail .
He was arrested in England and taken to Northern Ireland for questioning ."
"The UEFA decision to replay the final 18 seconds of a football match due to a referee's mistake in England's U19 European Women's Championship qualifier against Norway is set to be an important precedent, impacting the game and possibly the qualification for the finals. The match was restarted at Seaview stadium in Belfast at 9:45pm on Thursday with England taking the 2-1 scoreline against Norway, with the 18 seconds decided after a play-off. The match has faced several challenges and the delay highlights the complexity of the qualification process for the European Championships. The UEFA statement emphasized the importance of the decision",4.819760799407959,"UEFA have ordered the final 18 seconds of the qualifier to be replayed .
England will resume the match against Norway from the penalty spot .
The Elite Round qualifier resumes in Belfast on Thursday at 9:45pm .
Referee Marija Kurtes incorrectly awarded an indirect free-kick to Norway for encroachment after disallowing England's penalty on Saturday .
England were 2-1 down to Norway at the time in the 96th minute .
German Kurtes, 28, has been sent home following her error .
Three Lions earn 3-1 victory against Switzerland meaning a 2-2 will be enough for European Championship qualification .
Norway beat Northern Ireland 8-1 to keep things tight in Group 4 .
It is the first time ever that a decision like this has been taken by UEFA .
Watch VIDEO below of the controversial penalty incident .
READ: Graham Poll's expert verdict on UEFA's bizarre decision ."
"Based on the article, what is the answer to the following question: ""Who did the women take down during the debate?"" The answer must be one of the following: A. David Cameron, B. Ed Miliband, C. Clegg, D. Farage.

The answer is: D. Farage

The answer is: D. Farage
The answer is: D. Farage
The answer is: D. Farage
The answer is: D. Farage
The answer is: D. Farage
The answer is: D. Farage
The answer is: D. Farage
The answer is: D. Farage

Answer:
",4.85931396484375,"Miliband’s approach was as choreographed as a Torville and Dean routine .
Cameron kept firm hand on the leadership rudder and made no mistakes .
Clegg's smooth performance was a complete re-run of his 2010 routine .
Farage was diminished during debate, perhaps the night's only casualty .
Sturgeon, Wood and Bennett took him down with series of small swats .
Sturgeon’s speech about ‘breaking up old boys network' finished off coup ."
"The New South Wales storm caused some hoax photographs to emerge. A series of Photoshop videos, with a clue of a real Hurricane Sandy event in Connecticut, were shared on social media. A couple of great whites stranded in the train station escalator were included in one of the videos. The storm also resulted in the destruction of the Opera House and the rescue of a person from a flood, as well as the #umbrellageddon hashtag, which highlights the destruction of umbrellas and flags.

Article:",3.7722816467285156,"In the midst of the worst storm in New South Wales in a decade people got creative with their Photoshopping skills .
While there were many genuine dramatic photos of the devastation caused, the fake ones also caused confusion .
The more unbelievable Photoshop jobs included a photo of Noah's ark majestically cruising into Sydney Harbour ."
Article:,0.1304466724395752,"Man United will pay their staff at least £7.85 an hour from July .
Premier League clubs will pay their staff living wage from next season .
Chelsea became the first professional club to enforce new ruling .
Manchester City are also committed to paying living wage ."
"Summary: Tommy Connolly, 23, took in his 17-year-old cousin Angela from Chad, who was pregnant and homeless, while he was working at a wholesaler and saving money to raise his child. The cousin was a former high school dropout and later a mother. Both are now in the care of Tommy Connolly. The 23-year-old champion sprinter is working three days per week to support his family and is using his social network to raise awareness of his situation.

Article:",3.9861021041870117,"Tommy Connolly hadn't seen his teenage cousin Angela* in 10 years .
In December she told him she was homeless and 32 weeks pregnant .
The 23-year-old uni student told her to move in with him and supported her .
Now Mr Connolly, who lives on the Sunshine Coast, is helping raise her four-week-old baby boy ."
"Based on the article: ____. 

The summary is: The officers in Mesquite, Texas, in which they pulled an unconscious man from the burning wreckage of his car as the driver was unresponsive. He was transported to Baylor University Medical Center and his mother thanked the officers.
Answer: Mesquite, Texas police pulled an unconscious man from a burning wreckage of his car, which was involved in an accident. The summary should state that.
Answer:

Mesquite, Texas police pulled an unconscious man from a burning wreckage of his car as the driver was unresponsive. The summary states that.
Answer:
Mesquite, Texas police pulled an unconscious",4.823277950286865,"Two Mesquite, Texas police officers pulled Hector Valles, 25, from his burning SUV early Sunday after he swerved off the highway and crashed .
Officers Ryan Nielson and Autumn Soto managed to get Valles to safety just before his vehicle became fully engulfed .
Valles, whose clothes were burning when the officers dragged him to safety, is now recovering from burns and internal injuries in ICU ."
"The article talks about a problem with horses, particularly in a country like Chad. It describes a situation where a 6-month-old foal is being left to die, and there are numerous abandoned or neglected horses. The situation is causing financial strain, leading to the number of problems like that, and the RSPCA is taking urgent action to address it. The article emphasizes the financial burden and the difficulties families face in finding a solution for their horses.

Based on the information in the article, identify the two most likely options for the first and the last paragraph of the article.

Options:
A. First: Horse; Last: Horse
",4.826434135437012,"Increasing costs mean few owners can keep up with looking after a horse .
With dwindling buyers more horses than ever are being abandoned .
Last year, the RSPCA alone took in 1,500, many of them family pets ."
"Based on the information given, the crime that took place in the video is that a police officer threatened a teenager with the violent actions of breaking his legs and possibly breaking a child's leg as a response to racial profiling. The officer gave the statement, ""I don't screw around,"" and the friend says that the officer made the threat, while the officer said he was trying to be Officer Friendly. The video shows the officer's threat of breaking the teenager's leg.
The summary should be in English, in a short paragraph.
Answer:

Based on the information given, a Minneapolis police officer threatened a teenager with a violent act of breaking a",4.870765209197998,"Faysal Mohamed, 17, pulled over along with two friends in Minneapolis .
The teens managed to film threatening language used by Officer Rod Webber .
Claim the officers trained their guns on the teenagers but let them go without charge ."
"Summary: Rangers will return their iconic symbols to Sports Direct when the loan is repaid. Ibrox board has been convinced by Sports Direct that the trademarks are in their possession. Sports Direct will return the trademarks when the loan is repaid.

Article:",2.005729913711548,"The Ibrox board last week launched a probe into claims Mike Ashley’s firm had taken ownership of intellectual property .
They are satisfied the position stems solely from the security attached to the loan from Sports Direct .
‘Although the trademarks are registered in Sports Direct’s name, the position is not as alarming as it may first appear,' a statement said ."
"Based on the information given, which country is known for football?

The correct answer is Chad. The answer is Chad. The answer is Chad.
The answer is Chad.

After looking at the summaries, I have to find the country known for football. Based on the information given in each article, Chad is mentioned multiple times as being involved in the story. The answer is Chad.

The answer is Chad.
The answer is Chad.

After looking at the summaries, I have to find the country known for football. Based on the information given in each article, Chad is mentioned multiple times as being involved in the story. The answer is Chad.

",4.797485589981079,"Emir Spahic appears to aim punches and headbutt at stewards in video .
His Bayer Leverkusen team lost on penalties against Bayern Munich .
Bosnian and his friends became involved in a disagreement with staff .
Police are now set to investigate the fighting and Spahic faces a ban ."
"Based on the information in the article, what do the three agency members who had previously failed in the case of the child death have done as a result of the baby's death?
Answer:

Choose from:
A. They all have done nothing.
B. Only one of them has done nothing.
C. All three of them have done nothing.
D. Only the third of them has done nothing.
Answer:
The answer is $ \boxed{B} $.
The answer is $ \boxed{B} $.
The answer is $ \boxed{B} $.
The answer is $ \boxed{B} $.
The answer",4.8815531730651855,"Infant, known as Mary, was also found with two other drugs in her system .
She was discharged from hospital despite her parents being drug users .
The family from Liverpool were already well-known to local social services .
Came amid concerns about alcohol abuse, domestic violence and neglect ."
"A restaurant in Tijuana is accused of killing a dog, six Chinese restaurants closed, and other international incidents.

Article:",0.9906680583953857,"Customer witnessed dog being butchered at Lo Yen City restaurant .
It was killed to be served as a pork dish, it has been alleged .
Police raided the restaurant and arrested five people, including the owner .
Officials on the scene discovered a decapitated puppy in a rubbish bin ."
"Based on the article, identify the name and location of the person who saw the image of Jesus Christ on a hot cross bun in Peterborough, Cambridgeshire, and their actions after the event. The summary needs to include the name and location and the actions they took.

Answer:
The person is **Lindsey Norman**, from **Cambridgeshire, England**, and she found the image of Jesus Christ in her dental x-rays. After the event, she took the image and posted it on her social media.
The person is **Lindsey Norman**, from **Cambridgeshire, England**, and she found the",4.846156597137451,"Paddy Morrall noticed image after wood was left in rain for several hours .
31-year-old said he was not normally a religious guy but it was Easter ."
"The new week's major events include the rainbows on the sky, the new trend of LIP plumping, the school protest, and the movie release.

Article:",1.3617751598358154,"What do funeral strippers, a quadruple rainbow and Kylie Jenner have in common? They all trended this week!"
"The article discusses the following:
1. Barcelona has offered £50 million for Paul Pogba, a prime goal-scorer.
2. Pogba is expected to be loaned to Juventus for a year in 2016.
3. Spain's SPORT reports indicate the leading options for Pogba's possible destinations are Barca and Chelsea.
4. Barca has offered £50 million and the other potential targets include Real Madrid and PSG for the same.
5. Lionel Messi has returned to La Liga due to a foot injury.
6. The article highlights the upcoming French title race, with PSG and PSG",4.896020412445068,"Spanish paper SPORT say Barcelona want to sign Juventus' Paul Pogba .
La Liga leaders are thought to be offering £50million for the midfielder .
Real Madrid are looking to win their last 10 games to overtake Barca ."
"Answer:
The summary is given above.

The answer should be in Chinese, one sentence, in one paragraph.
The summary of the news: A pensioner, Anthony Mann, was spared from jail for the murder of his wife Janet after admitting to a mercy killing. He pleaded guilty to manslaughter by diminished responsibility.
Answer:
Anthony Mann pleaded guilty to manslaughter by diminished responsibility for the murder of his wife, Anthony Mann was spared from jail for the murder of his wife Janet, after admitting to a mercy killing.
The answer should be in Chinese, one sentence, in one paragraph.
The summary of the news: 拥有养老金的老人",4.850102186203003,"Anthony Mann admitted killing his wife Janet who suffered from dementia .
Court heard how she begged for him to bring her suffering to an end .
He stabbed her in the chest after she became distressed at their home .
After stabbing her, Mann, 78, kissed his wife and told her: 'I love you'
Mann pleaded guilty to amended charge of manslaughter with diminished responsibility ."
"The United States is failing its partners because it is not investing enough in special operations forces to counter terrorism. 

Article:",0.9769787788391113,"Meaghan Keeler-Pettigrew, Stuart Bradin: U.S. must rethink special forces .
United States is spreading foreign military assistance too thin, they say ."
Article:,0.12117576599121094,"ISIS snatched dozens of girls after storming the town of Sinjar last August .
Taken to warehouse where they were lined up and hand picked by fighters .
Survivor says she shakes with fear when she sees 'someone with a beard'"
"The tennis star Caroline Wozniacki was forced to defend herself after she congratulated American golf sensation Jordan Spieth on social media. Despite her followers questioning whether it was a pop at her former love interest, she defended her and said it wasn't a dig.

Article:",2.1601169109344482,"Caroline Wozniacki took to Twitter to congratulate golfer Jordan Spieth .
Spieth won the first major of his career at the Masters in Augusta .
But fans were quick to question Wozniacki's motives following his win .
Many asked whether it was a dig at former fiancee Rory McIlroy .
CLICK HERE for more news and reaction to Masters 2015 ."
"The missing girl, Sally Gordon-Smith, is 14, with blue eyes and brown hair, and was last seen leaving her school in Keilor East, where she is believed to be missing and still missing. Police are searching for her in Melbourne.

Article:",2.0831453800201416,"Police worried about teen girl who has been missing since Friday afternoon .
Sally Gordon-Smith, 14, was last seen leaving her school near Melbourne .
Police confirmed she was still missing early on Saturday morning .
An image of Ms Gordon-Smith released in the hopes of finding her quickly ."
"The story about Robyn Exton and Josh Buckley highlights the story of young entrepreneurs in tech who are aiming to make their fortune by launching successful apps. Robyn Exton is the founder of a dating app, Dattch, for lesbian, bisexual, and curious women, while Josh Buckley created the game MinoMonsters. Despite facing challenges and pressure, they are determined to rise financially, and their story reflects the growing popularity of tech-driven entrepreneurship.

Article:",3.6491265296936035,"How To Be A Young Billionaire airs tonight on Channel 4 .
Documentary features Robyn Exton, who's launching a lesbian dating app .
Tech entrepreneur Josh Buckley attempts to save his shrinking fortune ."
"Based on the article, trade between East Asia and the New World was taking place before Christopher Columbus arrived in 1492, due to bronze artifacts found at the Rising Whale site in Cape Espenberg, Alaska.
Answer:
Based on the article, the discovery at the Rising Whale site in Cape Espenberg, Alaska, provides evidence of trade between East Asia and the New World around 600 AD, as evidenced by bronze artifacts. The artifacts are believed to have been crafted in China, Korea, or Yakutia, indicating pre-colonial contact between these regions and the Americas. The discovery confirms that pre-Columbus",4.822327375411987,"Bronze buckle and whistle from AD 600 found in Cape Espenberg .
But bronze-working had not been developed at this time in Alaska .
Scientists believe artefacts were created in China, Korea or Yakutia .
Site may have been home to 'Birnirk' culture, whose people travelled on both sides of the Bering Strait ."
"Sportsmail and Golfbidder have teamed up to offer a special prize for one lucky reader.

Article:",0.8487763404846191,"Sportsmail have teamed up with Golfbidder for the giveaway .
The exclusive bundle includes a Callaway XR Driver, Callaway XR 3 Wood, Callaway XR Hybrid and a set of Callaway XR Irons .
A dozen Callaway Chrome Soft golf balls is also included .
CLICK HERE TO ENTER THE COMPETITION ."
"Adam Prowse, 34, of Torquay, became internet sensation after a video of him strutting his stuff with a customer received 1.5 million views. The video shows him dancing to Michael Jackson's song.

Article:",1.9022345542907715,"Postman Adam Prowse danced with customer Nichola Sullings .
Pair boogied to Michael Jackson’s 'Don't Stop 'Til You Get Enough'
Adam has since received much admiration from female viewers .
Royal Mail said: ‘It is a pleasure to have him working for us’"
"Article:
",0.12903308868408203,"James Faulkner joins Lancashire as their overseas player for the summer .
Australian was named man of the match during World Cup final win .
He will join up with county side after Indian Premier League commitments ."
Article:,0.1255490779876709,"Eight guards at Nauru detention centre have been suspended .
They posted 'anti-Islamic' messages on social media and were pictured with Pauline Hanson at a recent Reclaim Australia rally .
The men contravened a policy that they display 'cultural sensitivity'"
"Based on the information, it has been claimed that energy drinks like Red Bull are causing children to behave badly, leading to increased hyperactivity and possibly crash behavior. The teaching union claims these drinks are 'readily available legal highs' and that some 13 per cent of teachers surveyed identified excessive use as a driver of poor behavior.

Article:",2.610651731491089,"Children drink 'excessive' amounts of energy drinks, teachers' union claim .
Drinks like Red Bull, Monster and Relentless are causing 'hyperactivity'
NASUWT likened caffeinated refreshments to 'readily available legal highs'
Of teachers surveyed 13% cited energy drinks as cause of bad behaviour ."
"Based on the information from the article: Davy Jones will be auctioned off in New York, the first time he performed with the Monkees. The auction is held at the Hard Rock Cafe. The items sold include a pair of record awards, a pair of his electric guitar, his plaque, stage costumes, and a director's chair with his name on it. The sale includes musical equipment such as a tambourine, guitars, cases and stands. The Monkees were formed in 1966.
Summary:

Based on the article: Davy Jones, best known for his work with the band The Monkees, will",4.897770643234253,"Items belonging to Davy Jones are to go on sale at an auction in New York .
British-born Jones best known for being member of the band The Monkees .
Memorabilia includes guitars, stage costumes and commemorative plaques .
Jones, who became a teen idol in the 1960s, died in 2012 at the age of 66 ."
Article:,0.12923979759216309,"Mitchell is best know for her hits ""Big Yellow Taxi"" and ""Free Man in Paris""
Paramedics came to her Los Angeles home on Tuesday afternoon ."
"Answer:
**
**

The summary of the provided articles is as follows:

The discovery of a complete 17th-century camel skeleton in Tulln, Austria, indicates it was likely used during the second Ottoman-Habsburg war. The camel, a hybrid Bactrian-dromedary, was found to be intact and helped archaeologists determine its use in the war, with some sources confirming it was a riding and transport animal. This finding has sparked interest in Central Europe for the study of ancient camels.

The summary includes key details about the camel's habitat, the hybrid breed, its use during the battle, and the significance",4.910631895065308,"Scientists say camel was left in Tulln after the 1683 siege of Vienna .
It would have shocked residents as camels were an alien species .
'They didn't know what to feed it or whether one could eat it,' study said .
Ottoman army used camels for transportation and as riding animals ."
"German photographer Dieter Klein has found abandoned and rusting vintage cars in 2014 in France and Germany. These cars, like the one with the painted XK120, could be worth up to £82,000 if restored. The photo shows the cars now in the rusted state with the rust and overgrown vegetation.
Based on the information from the given text, which summary sentence is correct?

I. ""Germany has become a favorite subject for Dieter Klein.""
II. ""Abandoned and rusting vintage cars"" are the only things that Dieter found.
III. ""The cars are now",4.880577325820923,"German photographer Dieter Klein travelled the world to find vintage cars left to crumble in leafy forests and fields .
Came across range of graveyards hosting all sorts of vehicles, including Jaguar XK120 worth £82,000 if restored .
Dieter, 57, from Cologne, first came across a Citroen truck dumped in a bush six years ago and became hooked ."
"The study suggests that belief in all-powerful, deities helps people cope with hardship, and that societies with less access to food and water may have more religion. The religious belief in a high-control deity affects a society's social structure.

The study shows that belief in gods and rituals can help people cope and enhance social cohesion in harsh environments.

The study also connects belief in a moral god to a higher level of cooperation in societies and ecological factors.

This article discusses the link between belief in deities and societal characteristics.

The article covers the origins of religion, its spread across societies, and how it influences human behavior.

Based on the information",4.951003551483154,"Study was conducted by National Evolutionary Synthesis Centre, Durham .
It suggests that societies with less access to food and water are more likely to believe in all-powerful, moralistic deities .
Research also uncovered link between a belief in high gods who enforce a moral code and  a strong social hierarchy ."
"Based on the article: The couple was found dead in Gibraltar. They are identified as two children and their parents.

Article:",1.0246939659118652,"Spanish woman allegedly stabbed British partner and two children .
The family were found dead in a flat in Gibraltar earlier this week .
Anarda De La Caridad Perez Friman 'suffered from post-natal depression'
British man identified as John Joseph Shannon, 31, from Liverpool ."
"New: Joy Behar and Kelly Ripa share grief over death of Dr. Fredric Brandt. The doctor is remembered for his cosmetic work. The doctor was known for his Botox, Restylane, and Perlane injections. The three main players: Joy Behar, Kelly Ripa, and the person they worked with - their respective celebrity. The two of them are mourning the death of the doctor.

Article:",3.4518392086029053,"Cosmetic dermatologist to the stars Fredric Brandt was found dead at his Coconut Grove home in Miami on Sunday, aged 65 .
Joy Behar tweeted: 'Dr Brandt was one of the sweetest, nicest, most generous people I have had the good fortune to meet & work with. He will be sorely missed'
Kelly Ripa, posted: 'My heart is breaking for the loss of Dr. Fredric Brandt. My friend. You will be missed forever and in my heart even longer'
Colleague Dr Robert Anolik, who worked with Brandt at his clinic, posted a moving tribute on Monday saying he had lost a 'close friend'
The City of Miami Police Department confirmed that Dr Brandt's death on Sunday was a suicide by hanging .
Brandt was said to have been 'devastated' over rumors comparing him to a character on the show, Unbreakable Kimmy Schmidt ."
"Based on the information provided in the article, the most significant detail is that the Australian states will not get a public holiday on Anzac Day if the day falls on a Saturday. This exception is intended to provide a uniform holiday across the country while ensuring that business continuity is maintained.
The article discusses the issue of Anzac Day in Australia and how the public holiday is determined based on the day of the week, with the exception that it is only available if the day is on a Monday.

The summary is as follows:

Based on the information provided in the article, the most significant detail is that the Australian states will not get a public holiday",4.938854217529297,"There is no Anzac Day holiday for most states as it falls on a Saturday .
Only Western Australia and some Canberra bureaucrats will get day off .
First time since 2009 Anzac Day has fallen on a Saturday .
Experts predict rise of up to 25 per cent of people calling in sick on Monday .
Some businesses told staff they risk their job if they fake a sick day .
Losses from absent employees estimated at $7.5m in Queensland alone ."
"Based on the article, the main point is that the roof owner is a love cheat on his website.

Article:",0.9460554122924805,"Lisa Morgan, 40, amended site to claim her boyfriend had been unfaithful .
Top of the World Roofing website says it's 'ceased trading at present'
Site now claims boss was 'unfortunately found out to be cheating again'
Met Sean Meade, 45, in August but soon grew wary when he was never in .
Contacted his estranged wife, Jo, who told her he had cheated on her too ."
"Based on the given information, list four points to summarize the article.
Answer:

Here are four points that summarize the article:

1. Calum Chambers, Eric Dier, and John Stones have all made an impact in the Premier League this season.

2. These young players possess strong self-belief and continue to demonstrate their potential at the club level.

3. Their ability to play at different positions (full back, center-back, midfield) sets them apart from older players.

4. Their growth and achievements are expected to contribute positively to the football world. 

Answer:
```text
1. Calum Chambers, Eric Dier,",4.8831024169921875,"Calum Chambers has played 35 times already for Arsenal this season .
Eric Dier has become an important first-team player at Tottenham .
John Stones has impressed for Everton after being moved to the middle ."
Article:,0.1322770118713379,"A host of footballing legends graced the field to raise money for charity .
Bazilian Ronaldo and Zinedine Zidane were among the stars taking part .
Clarence Seedorf, Fabian Barthez and Gianluca Zambrotta also played .
As did Jay-Jay Okocha, David Trezeguet and Vladimir Smicer ."
"Based on the information provided, the story focuses on Kylie Gulliver's entrepreneurial success after joining a new fashion label in Hollywood. She has transformed from a small leather brand to a major lifestyle brand that includes celebrity endorsements, partnerships with actors, and collaborations with other fashion artists. Her inspiration for the label was a time of feeling lost and lacking direction, which led her to start her brand. The brand now includes a variety of products and partnerships, with a new line of vegan leather and a sport luxe line. The story highlights her growth and aspirations for the future.
Answer:
Based on the information provided in the article, the story focuses on",4.957339763641357,"Melbourne based fashion brand Elliott Label makes it in Hollywood .
Founder Kylie Gulliver has partnered with Pussycat Dolls' Robin Antin .
The pair initially met through Instagram .
Stars including Drew Barrymore and Mimie Elashiry attended US launch .
The luxe label features leather staples and tailored pieces in range .
Next the design duo are set to launch sport range ."
"Floyd Mayweather and Manny Pacquiao are less than two weeks away from playing their part in the richest fight in boxing history. Their maximum earnings in boxing history are $300m. Each has more than 50 fights.

Article:",1.9802043437957764,"Floyd Mayweather takes on Manny Pacquiao in Las Vegas on May 2 .
The two men will split a $300m purse, with Mayweather taking 60 per cent .
The fight has been five years in the making and was agreed in February .
It pits the two pound-for-pound boxers in the world against each other .
Mayweather-Pacquiao is 11 days away... why are there no tickets on sale?"
Article:,0.13668417930603027,"Jim Murphy scored winning penalty in charity shootout in Edinburgh .
Game put on for terminal Motor Neurone Disease sufferer Gordon Aikman .
Mr Aikman was diagnosed with the terminal condition less than a year ago .
He has raised over £250,000 for research into a cure through his campaign ."
"The Lib Dem leader blames the party's failure to make policy changes after the disastrous poll ratings, citing areas where supporters have deserted and the party's inability to address public sector issues.

Article:",1.4843175411224365,"Nick Clegg lists why Lib Dem support 'collapsed' in Economist interview .
Blames 'protest voters' who didn't want to take responsibility for collation .
Claimed public sector workers left because pensions hit and jobs cut .
Says those reasons were more important than policy decisions he made .
Tory source says interview  'sums up' Clegg, who 'is like a petulant child'"
"The Associated Press has just rescued 550 fisherman slaves from the remote island of Benjina. The rescue happened after returning to the scene to check nobody was left behind. These 550 people were mostly mainly-Burmese and some Cambodians, but were also from poor parts of Thailand. Some were tricked or even kidnapped before being put on boats. The fisherman slaves were rescued by Indonesian authorities, now being sheltered at the island Tual. A major concern remains as to who will pay for the mass repatriation. Meanwhile, Myanmar opposition leader Aung San Suu Kyi said her government",4.845926284790039,"Dramatic rescue led to the mainly-Burmese nationals being identified .
Vast majority of them said they were desperate to leave Benjina island .
Some wanted to stay - but only to demand their bosses hand over money .
Men said they were kidnapped or tricked into becoming fisherman slaves ."
"Summary of the article: A TV series on the family of a celebrity called ""Finding Your Roots"" included a long-deceased relative who owned slaves. The show's producer, Henry Louis Gates Jr., gave the celebrity the option to ask for the information to be removed from the program. The producer and producer's emails in which they discussed the decision didn't have any pressure from the celebrity. The show wasn't based on an investigation and it was an entertainment series, using the celebrity's name to attract viewers. The answer to the question is the most likely one.
The correct answer is: [B] The production of the show was not",4.928915023803711,"Ben Affleck admits he asked PBS show ""Finding Your Roots"" to avoid mentioning his slave-owning ancestor .
Dean Obeidallah says the actor and the show were right to leave the detail out ."
"Summary: Victoria Wasteney has taken an appeal after being suspended for taking a Muslim colleague's prayer and invitation. She is now being tried in court by human rights lawyer. The tribunal upheld three allegations of misconduct, and she continues to work for the Trust despite the charges.

Article:",2.308260917663574,"Victoria Wasteney argues tribunal decision was against her human rights .
Disciplined after Muslim colleague claimed she was trying to convert her .
Appeal backed by Christian Legal Centre and human rights barrister ."
"Based on the information in the article, the court heard about the death of Liberty Baker. The court heard about the dark thoughts of a mother about her daughter’s death and the sentencing of Robert Blackwell to four years in prison.

Article:",1.9287607669830322,"Liberty Baker was killed as she walked to school in Witney, Oxfordshire .
Robert Blackwell, 19, was texting at the wheel at the time of the crash .
The teenager had been smoking drugs the day before the crash last June .
Liberty's father, Paul Baker, waved her off to school just moments earlier .
He said the family had been left 'devastated' by the shortness of sentence .
For confidential support call the Samaritans in the UK on 08457 90 90 90, visit a local Samaritans branch or click here for details ."
"A Dutchman who was a hostage in Mali has been freed by French forces. The Dutchman is currently in a safe place. France has not released the two men who were kidnapped.

Article:",1.5486066341400146,"Sjaak Rijke saved by French troops who captured jihadis and killed others .
No word on two other men including South African with British citizenship .
Dutch Minister: 'I'm happy this terrible period has been brought to an end'"
"Answer:

The article discusses the legal backlash against Virginia Roberts for claims that she was a sex slave and slept with Prince Andrew. 

The key points are:  
- Roberts is being sued for defamation by Alan Dershowitz and Jean Luc Brunel.  
- Dershowitz wants her to face legal consequences if she repeats the allegations.  
- Brunel claims this backlash is revengeful and seeks retribution.  
- Roberts' claims were struck from the record, and the lawsuit involves two other women seeking Epstein's plea deal overturned.  
- The article highlights the ongoing legal and public reactions to the allegations. 

**Summary:**",4.92891001701355,"Virginia Roberts is being sued for defamation by lawyer Alan Dershowtiz .
Model agency owner Jean Luc Brunel said he is considering legal action .
Comes after judge orders Roberts' sex slave claims struck from the record ."
Article:,0.1328573226928711,"Victor Agbafe, 17, is currently attending Cape Fear Academy in Wilmington .
He plans to double major in microbiology with government or economics .
Smart young man faces tough choice after being accepted into 14 colleges .
He credits his mother, a Nigerian immigrant and physician, for his success .
Will make decision this month and he hopes to become a neurosurgeon ."
"KEVIN SINFIELD, former England captain, will be a target in rugby union. He is leaving Leeds at the end of the season. Also, he will join Yorkshire Carnegie, but not the same team.
Answer:

The summary should be: Kevin Sinfield, former England captain, is leaving rugby union at the end of the season after a promising career. He will join the Yorkshire Carnegie. The summary should capture the main points: his departure, the new club, and his notable achievement in rugby. The answer will be formatted in the summary as requested.
**Summary:**  
Kevin Sinfield, former England captain, will be a target",4.968800067901611,"Kevin Sinfield has announced he is leaving Leeds at the end of the season .
The 34-year-old will cross codes to join sister club Yorkshire Carnegie .
Former England captain has won six Super League titles with the Rhinos ."
"Here are the summaries:

1. A pound can buy you one and a half tins of beans, two packets of crisps, or an airport in Spain. The Ciudad Real airport was built at €1 billion and is expected to be sold, but it's been in disrepair and closed after its company fell into financial trouble. The airport has been in disrepair for years and now has no one to take it.

2. The airport in Ciudad Real was built in 2009, costing over €1 billion, and now faces financial difficulties. Despite being a symbol of Spain's affluence, the airport is now",4.950495004653931,"Ciudad Real airport was built in 2009 at a cost of more €1billion – Spain’s economy having taken off .
It was closed just three years later when its parent company fell into financial difficulties .
The airport was designed to cater for Spain's booming economy to serve both city and coast via high speed rail link ."
"The woman in question is a feedee who weighs 400lb and takes $1,500 a month in video feeders for men to watch her eating. She has set up a new career to gain weight by eating on camera and now offers a squashing service for men to be smothered. She is now six stone heavier and has eight clients. The men who watch her videos enjoy the plus-size entertainer eating on camera and want to be smothered.

Article:",4.001695156097412,"New Yorker Sarah Reign, 26, is a security guard by day but earns extra money by eating fast food and sugary treats while men watch .
Weighs 400lbs and has gained 84lbs since she started eating on camera .
Has branched out to sitting on male clients who enjoy being smothered .
Admits she finds eating for paying customers 'an ego boost'"
"The article describes how almonds are causing problems in California, a drought, and the state's reliance on almond production for agricultural income, despite the environmental impact due to their high water consumption.
The main points are:

1. Almonds in California are causing drought issues with increased water consumption.

2. The almond industry is meeting a huge global demand, with profit from the state's agricultural output.

3. Despite the environmental concerns, farmers and authorities are still prioritizing almonds for economic reasons.

4. There's a mention of the 'villains' blaming California residents for the problem.

5. The article concludes with a note that almonds are",4.903954982757568,"Global demand soaring as people develop passion for almond-based foods .
The nuts have become California’s second biggest agricultural commodity .
The problem is that almonds guzzle water on a monumental scale .
It's been calculated that it takes 1.1 gallons of water to grow single almond ."
"Okay, I need to create a summary based on the provided articles. Let me start by reading through each article carefully to extract the key points.

First article is about Daniel Radcliffe getting £20 million and his plans, which are about not becoming a ""kid star"" with lots of extravagance. The second article is about Bernard Kouchner, the French Foreign Minister, who challenges US intervention in Iraq. Third article is about a French charity taking children to France from Chad, and the charges against them. Fourth article is about the Queen's horse in Newbury and her horse races.

Now, the user wants a summary. I",4.8963353633880615,"The Queen crossed her fingers as Ring of Truth galloped home .
Unfortunately, the two-year-old thoroughbred was pipped to the post .
She had another runner later in the afternoon which managed third ."
"Based on the data provided in the articles, the focus is on several key elements related to the events in the world, such as international aid, conflict in Chad, and incidents in Florida.

New Article:",1.604694128036499,"Police in Troy, Alabama, found the video while investigating a shooting .
Video 'shows two men raping unconscious woman on Florida beach'
Authorities say hundreds of people walk past but don't intervene .
Troy University students Delone' Martistee, 22, and Ryan Austin Calhoun, 23, have been arrested in connection with the alleged incident ."
"Jay Z attempts to deny a company's performance in music streaming.
Answer:

The summary can be written as follows:

Jay Z, a prominent music entrepreneur, launched his music streaming service, Tidal, in 2023 to offer an artist-owned platform for global music entertainment. However, shortly after the service's debut, there were concerns that its performance in the market was underwhelming. Jay Z's ""stream of consciousness"" tweets were met with some criticism, and a parody of his Tidal Facts social media account emerged to challenge the perception of the service's quality. These events highlight the public's scrutiny of Tidal's commercial",4.949179172515869,"The rapper/entrepreneur went ""stream of consciousness"" on Twitter .
He asked users to be patient with Tidal, his new music streaming service .
A parody account was set up to mock his hashtag ."
"Summary: James Ward-Prowse scored a free-kick in his 3-2 victory against Germany, taking first place in the England Under-21s group. The 20-year-old young man, who has been playing for Southampton and the Saints, is now making headlines after a thrilling victory at Riverside Stadium. The young talent has been noticed by the public, but he is not yet fully exposed on the radar. The club, the Saints, is looking for him to make his debut for Southampton. The article was contributed by CNN.

Article:",4.352677345275879,"James Ward-Prowse scored the winner for England U21s against Germany .
Southampton youngster practices free kicks like David Beckham and his childhood idol Steven Gerrard .
Saints boss Ronald Koeman has been giving him tips on dead balls ."
"Summary: Traveler-friendly hotels, as well as high-end hotels in London and New York, feature designer uniforms that combine timeless elegance with sophisticated styles. The uniform designs are inspired by fashion and art, often with bold accents and a minimalistic approach, to reflect the sophistication of the hotel. The uniforms are designed to be both work-appropriate and stylish, with features like tailored silhouettes, bold accents, and minimal materials.

Article:",3.432389974594116,"Hotels around the world are now hiring top designs to craft their uniforms .
Narcisco Rodriguez designed dresses for Park Hyatt New York hotel staff .
At Toronto's Shangri La Hotel, Sunny Fong was inspired by the Ming era .
London-based Nicholas Oakwell created a vintage look for the Rosewood ."
"The 19-year-old Hattie Gladwell is a person with a stoma and has started an open blog to help others. She describes her experience with the surgery, the stoma, and the bag, and how she's living with the changes. The stoma and the bag have become an important part of her life.
Answer:
**Summary**: 19-year-old Hattie Gladwell has a stoma (a surgically created opening in the abdomen) and an ostomy bag. She openly shares her experience, including her life with the bag, her decision to wear it, and how her boyfriend, Angelo",4.952192783355713,"Hattie Gladwell was fitted with an ileostomy bag in January this year .
She had undergone emergency surgery for ulcerative colitis .
The 19-year-old  blogs about her life with her bag fitted to small intestine .
She reveals all about her sex life and the effect it has on her confidence ."
"The jealous boyfriend stabbed his love rival to death after he threatened to show intimate photos to her Imam father. He claimed to have stabbed 20 times, was involved in a relationship with the victim and made Islamic quotes before the attack.

Article:",1.9301822185516357,"Gulam Chowdhury stabbed victim Mohammed Afzal 20 times in March 2014 .
Chowdhury quoted verses of the Quran before stabbing him repeatedly .
Mr Afzal had been also involved with Choudhury's girlfriend Nargis Riaz .
Chowdhury was convicted of murder and will be sentenced on May 1 ."
"Based on the article: A Sydney woman, caught out in a storm, left posters asking for a stranger to help her. The posters are on George Street near Australia Square, and there was a 'Love Call' poster that said something like, 'If you're single, let's grab a drink together.'

Article:",2.544947862625122,"A Sydney woman has put up posters to find the man who lent his umbrella .
MissieSmile21 is 'actively looking' for the man with 'most beautiful smile'
The gentleman helped her cross a road during Tuesday nights' downpour ."
"Animal Kingdom is a colouring book that is a success for adult and children. The book has 19 different languages, achieved 500,000 copies sold worldwide. The illustrator's name is Millie Marotta.

The answers are separated by newlines, each summary is on its own line, with no markdown or other symbols. Answer:
Millie Marotta's Animal Kingdom is a successful book for adult and children. The book has 19 languages and achieved 500,000 worldwide sales.
Millie Marotta's book Animal Kingdom features detailed illustrations, 19 languages, and a",4.8866167068481445,"Millie Marotta's book, Animal Kingdom, features detailed line illustrations .
The £3.99 book is currently #1 on Amazon's Top 100 Books list .
The 36-year-old illustrator resides and works in Tenby, Wales ."
"A: Danny Alexander says there is no money left in the Treasury.
B: The note was left in the Treasury as a humorous note.
C: The note refers to the financial deficit.
D: The note refers to the financial deficit in the UK.

Based on the information provided in the article, answer the question: What did the note refer to?
A. The economic deficit in the UK
B. The economic deficit in the UK's entire country
C. The economic deficit in the UK's foreign country
D. The economic deficit in the UK's local government
The answer is A.
The answer is A.
Answer:
",4.867682933807373,"Labour's Liam Byrne left a memo for the incoming Coalition government .
The letter, left on Mr Byrne's desk, read: 'I'm afraid there is no money'
Treasury Secretary Danny Alexander has finally responded to the note .
Mr Alexander wrote: 'Sorry for the late reply, I've been fixing the economy'"
Article:,0.13426923751831055,"Ryan Giggs apologises for his eight-year affair with brother's wife .
Manchester United legend rang his brother out of the blue after four years .
Rhodri's wife Natasha aborted Ryan's baby just before marrying Rhodri .
Natasha and Rhodri attempted to stay together but divorced in 2013 .
Former footballer also had affair with Big Brother star Imogen Thomas ."
"Based on the information provided in the article, the most recent information available about the holiday heist in London, which was a successful one, is that the thieves accessed the safe deposit boxes in the heart of London's jewelry district through an elevator shaft. Additionally, the value of the stolen items is estimated to be around $4.8 million.
Answer:

Question:
Which information is NOT included in the summary?
Options:
A. The number of safe deposit boxes stolen.
B. The value of the stolen items.
C. The number of people who had been in the building.
D. The value of the items stolen.
Answer:
D",4.837339878082275,"Police say the thieves gained entry through the building's communal elevator shaft .
Police give no value of the amount taken in the heist in London's jewelry district .
There's no evidence of forced entry to the building, police say ."
"The article discusses Celtic midfielder Stuart Armstrong backing Dundee United boss Jackie McNamara to tackle a troubled season amid a reported transfer fee cut, with both players and the club involved in a controversial deal that led to a winless streak at Stranraer.

Article:",2.1105194091796875,"Stuart Armstrong has backed Jackie McNamara to come good again .
McNamara faced a furious fan backlash recently amid woeful results .
Club have won once since Armstrong and Gary Mackay-Steven left .
Was also revealed that McNamara receives cut of transfer fees ."
"Based on the text, what information do you know about the events in the Sand Springs police incident in the article? A. Officer pointed a loaded gun at a man who had a history of mental illness. B. Officer shot both parties dead. C. Officer pointing a loaded gun at a man, which is a warning to people. D. Officer shot the man who was a Vietnam veteran, who was a victim.
Answer:

A, B, C, D

Based on the text, what information do you know about the events in the Sand Springs police incident in the article?

A. Officer pointed a loaded gun at a man who",4.865558862686157,"Police officer in Sand Springs, Oklahoma, shot Donald Allen on April 11 .
Brian Barnett, 25, killed Allen, 66, after man made threatening statements .
Bodycam footage showed Allen advancing with loaded, 22-caliber pistol .
Sand Springs Police Department turned findings over to Tulsa County DA .
Video was released after being recovered from a malfunctioning camera ."
"Summary: NEW: Aaron Hernandez rested in trial after two months and more than 100 witnesses. Evidence suggests that the black object was a gun, but his lawyer contested the evidence. Prosecution rested after the final day of testimony. Defense team expects to wrap up quickly.

Article:",2.2259485721588135,"Prosecutors have called more than 100 witnesses to testify .
Defense team expected to wrap up within a day or two .
The 15 jurors could be sent out early next week to deliberate .
Hernandez has pleaded not guilty to shooting dead Odin Lloyd ."
"Ian Somerhalder and Nikki Reed are officially married.
Summary:
Ian and Nikki are married.
Summary:
Ian and Nikki are married. This is the first time this story is written.
Summary:

Summary:
Ian and Nikki are married.
Summary:

Summary:
Ian and Nikki are married.
Summary:
Ian and Nikki are married.

Summary:

Ian and Nikki are married.
Summary:

Ian and Nikki are married.
Summary:

Ian and Nikki are married.
Summary:

Ian and Nikki are married. This is the first time this story is written.

Summary:

Ian and Nikki are married.
Summary:

Ian and Nikki are married. This is the first",4.837220907211304,"Started dating in July 2014, two months after her split from ex-husband .
Second wedding for Nikki following previous marriage to Paul McDonald .
Tied the knot in romantic ceremony in Santa Monica mountains .
Guests included Lea Michele and her boyfriend Matthew Paetz ."
"The Large Hadron Collider is ready for action after being delayed for two years. The LHC has final tests with the first beams circulating. Scientists at CERN say it is a physics experiment that could help understand the universe.

Which of the following statements is NOT possible to be true? A) An orphanage in Abeche, Chad has children who are not Sudanese or orphans. B) Most of the children that Zoe's Ark took to France were from villages along Chad's border with Sudan. C) The French journalist and flight crew are free of harm because they were free of harm. D) The LHC is only the",4.963467597961426,"The Large Hadron Collider (LHC) begins again after a two-year shutdown .
The restart was delayed in March ."
"Based on the article: The Islamic State has used teenage suicide bombers. It is a child in Iraq.

Article:",0.9459409713745117,"Teenage suicide bomber Abu Hafs al Badri is referred to as the cousin of ISIS leader Abu Bakr al-Baghdadi .
In January, a 14-year-old fighter Abu Hassan al-Shami, blew himself up in Salahuddin province, Iraq .
The rise in ISIS teenage suicide bombers could indicate how much the jihadi group is struggling to keep territory ."
"SUMMARY: Labour leader Ed Miliband claims he won't do a deal with the SNP to become Premier after the election.
**Author**
The summary is about Labour leader Ed Miliband and his statement that he won't do a deal with the SNP to become Prime Minister after the election, while Nicola Sturgeon's party is preparing for a significant vote in Scotland. The summary combines the key points of the three provided articles and presents them as a coherent summary.

The correct summary is: **SUMMARY: Labour leader Ed Miliband says he won't do a deal with the SNP to become Premier after the election.**.

The author provided",4.8565826416015625,"Scottish First Minister said Mr Miliband simply 'won't have the votes'
She reiterated her call for Labour to 'work together to lock the Tories out'
Mr Miliband this morning insisted he would not make any deals with SNP .
Labour is expected to suffer heavy losses in Scotland - where it has 41 MPs ."
"The story of a Chinese man recovering after a car crash has 17 girlfriends. All of them discovered his secret after doctors contacted them. Some of them had a son with him, others had begun planning their own weddings. The women formed an online Facebook group to share messages.

Article:",2.196467399597168,"Mr Yuan was in the accident on March 24 and has been in hospital since .
One girl had been dating him for nine years and another had a son with him .
Police have now launched an investigation into allegations of fraud ."
"Based on the article and previous summaries, what is the name of the person who was let go in the ECB?
A) Paul Downton
B) Andrew Strauss
C) Michael Vaughan
D) Alastair Cook

Answer: D
Based on the article, the person let go in the ECB is (D) Alastair Cook. The person who was let go is named Paul Downton, so the correct answer is D.
Answer:
D

The correct answer is D. The person let go in the ECB is (D) Alastair Cook. The person who was let go is named Paul D",4.877971410751343,"England start their three Test series against West Indies next Monday .
Stuart Broad is backing captain Alastair Cook to score big runs in series .
Bowler admits he is sorry to see Paul Downton leave role in ECB ."
"Kai Windsor, 10, is a boy who was initially accepted into a girl's body. He has now undergone hormone treatment to stop him developing into a woman. His mother is in the process of building unisex toilets to help him and other children like him. At seven, he wanted his hair cut short and later his school was affected by his disorder. He had to start receiving hormone treatment at 16. The treatment has resulted in him being happy in his own skin.

Article:",3.9013476371765137,"Kai Windsor knew from  three that he had been born in the wrong body .
By four he wouldn't wear dresses and by six he wanted to cut his hair short .
Kai came out at school as a transgender and is now referred to as a boy .
At age of 10 he is set to undergo hormone treatment to halt puberty ."
"Answer:
**Summary:** David Cameron admitted Boris Johnson is the next Tory leader. The Prime Minister of the UK, David Cameron, admitted that Boris Johnson is now the one who's been in the Tory leadership. The Prime Minister said that the battle was behind the scenes, with Mr. Cameron and Mr. Johnson in co-opetition. Mr. Johnson is now looking to become the Conservative leader, and the details of his plan are under discussion. The situation highlights the ongoing political struggle between the two men, and Cameron has been trying to identify potential successors to him in the role of the Conservative Party.
Answer:

David Cameron admitted that Boris",4.911908864974976,"David Cameron revealed that the London Mayor had seen him as a rival .
PM said Mr Johnson 'suddenly realised' his competition was elsewhere .
Comes after he named Johnson, Osborne and May as potential successors .
Mr Cameron also admitted Bullingdon Club past 'cripplingly embarrassing'"
"Summary:
Summary:
Summary:
Summary:

Summary:

Joseph Getty, a young man from a British family, was caught driving a car while drunk in a restricted area after being stopped by authorities. The court ruled he was disqualified from driving for 20 months due to the alcohol content, and a £1,000 fine. He pleaded guilty to the crime, and his family expressed regret. His relatives were surprised by his decision to drive despite the alcohol. Additionally, a tragic case involving his death, where he was found dead in his mansion, highlights the family's history of financial and personal issues. The story highlights both the legal",4.891485691070557,"Joseph Getty, 26, drove his Range Rover through Belgravia while drunk .
He has been banned from driving for 20 months and fined £1,000 .
Getty is the son of Getty Images founder and great-grandson of oil baron ."
"The lingerie model Sarah Stage had a positive pregnancy experience with her son, James, and her baby bump is growing.

Article:",1.0268309116363525,"Sarah Stage, 30, welcomed son James Hunter into the world last Tuesday .
The baby boy weighed eight pounds, seven ounces and was 22 inches long .
During her pregnancy Sarah was criticized for her trim figure and abs ."
"Hollywood's Rick Baker has an auction of his own work. Props, puppets, and make-up effects from all the movies he worked on are being auctioned off.

Article:",1.44423508644104,"More than 400 items from Rick Baker's Cinovation studio will be auctioned .
Artist has worked on hits like Men In Black, Batman Forever and Gremlins .
Baker worked on Michael Jackson's Moonwalker film and Thriller video .
This is first time these items from 64-year-old's collection open to public .
Auction will be held in Los Angeles, California, on May 29 and also online ."
"Based on the information in the articles, what is the most accurate summary of the article about the incident that occurred in Brighton Crown Court, which was part of the trial?

Article:",1.4125475883483887,"Joseph O'Riordan, 73, stabbed wife eight times after discovering her affair .
She was left with life-threatening injuries to her torso, chest, arms and back .
Yesterday Brighton Crown Court heard about deal he was ready to offer her .
He had told friend about the idea while in the pub just days before stabbing ."
"Real Housewives of Orange County star Katie Hamilton, whose daughter was taken from the hospital after a mother's death, says she never committed the crime.
The wife of LA Angels player Josh Hamilton is revealing that she was 'blindsided' by his decision to file for divorce, according to reports. The real wife says she was never unfaithful and has always supported him. She claimed no ""big fight or blow-up"" caused the end of their marriage. The filing comes after his self-reported alcohol and drug relapse, it has emerged. The couple celebrated 10 years together.

Article:",4.709829807281494,"LA Angel Josh Hamilton filed for divorce from Katie two months ago .
Was around the same time he admitted to a drugs and alcohol relapse .
Reality star insisted there was no 'big fight or blow up' causing the split .
Has maintained she still loves him and will always stand by him ."
Article:,0.14723777770996094,"Olivia, 28, has teamed up with luxury British brand to create £995 bag .
Comes with built-in phone charger and all proceeds will go to charity .
Pippa Middleton, Kim Sears and Mollie King are fans of luxury brand ."
"The article is about Manchester City's problems, Jason Kreis, manager of New York City FC, and the struggles of his team in the Premier League after a shaky start, with the main points being that the team needs improvement, specific goals, and a focus on the home side, while mentioning some injuries and other teams' performances.
The article's summary should include: (1) The name of the football club that faces the problems, its manager, and the main issue they are facing, (2) What the team is struggling with, (3) The injuries and their impact, (4) Other teams' performances and matches.

",4.870207786560059,"New York City FC's patchy start to the season continued .
Mehdi Ballouchy put the home side ahead but CJ Sapong levelled late on .
City have won just one of their opening six matches in MLS .
David Villa was forced off at half time with a hamstring strain ."
"Article:

",0.13161420822143555,"Andrea Pirlo scored a stunning free-kick for Juventus against Torino .
However, Juve fell to a 2-1 defeat and missed the chance to wrap up their fourth consecutive Serie A title .
Despite the loss, Juve remain 14 points clear at the top of the league table .
Pirlo is still playing at the top of his game at 35-years-old ."
"Based on the provided information, here is a summary of the new story:

The newborn baby girl named April, found in an amusement arcade in Southport, was discovered face down in a toilet bowl while her 'mother gave birth in the lavatory'. The infant was found shortly after her mother's birth and has been taken to Ormskirk Hospital where she is being cared for. Merseyside Police have confirmed the mother's identity and that the baby is now receiving medical attention. The police have released a CCTV image of the mother as part of their investigation and are working to track her down. The story highlights the search for the mother",4.917241811752319,"Arcade staff discovered the baby girl in the disabled toilets last night .
The newborn was taken to hospital and is described as 'safe and well'
The baby has been named April by staff at Ormskirk Hospital in Southport .
Police say the mother has been found and is receiving medical treatment ."
"Based on the article provided, create a summary for the summary.

Article:",0.6291205883026123,"Gavin Tobeck of Washington was attacked by one-and-a-half-year-old Smash while in his backyard on April 1; he was released late on Tuesday .
During the attack, his mother's friend dumped a cup of hot coffee on the dog to get him to release his grip on Gavin .
The boy suffered from a broken cheekbone, jaw and nose bridge and lost five baby teeth and three permanent tooth buds .
Smash is scheduled to be euthanized on Saturday by Thurston County Animal Service ."
"A sports journalist, Scott McIntyre, published offensive comments about Anzac Day, Diggers and war crimes on social media, prompting backlash after his tweets were posted. SBS has called for him to be sacked, and the Australian government responded.

Article:",1.9703829288482666,"SBS sports journalist Scott McIntyre made the comments on the 100th anniversary of the Gallipoli campaign .
He accused Anzac's of war crimes and mocked their bravery .
Outraged social media users launched the hashtag #sackScottMcIntyre .
Minister for Communications Malcolm Turnbull called the comments 'inappropriate' and 'despicable' and called for their condemnation ."
"A new article about Rory McIlroy's official coronation at Augusta National is presented.

Article:",0.8399107456207275,"Rory McIlroy is favourite to win the 79th Masters at Augusta National .
Bubba Watson is the defending champion and chasing a third Masters win .
Tiger Woods returns to action but has no form and worries over his game .
Jason Day and other big-hitters look set for strong week at Masters 2015 .
COURSE GUIDE: McIlroy and more stars take you round Augusta National .
CLICK HERE for the Masters 2015 leaderboard ."
"Summary: Juan Mata revealed Wayne Rooney believes England can win Euro 2016 in France.

Article:",0.874011754989624,"Wayne Rooney tells Juan Mata 'every day' England can win Euro 2016 .
Mata was voted Manchester United's player of the month for March .
Manchester United take on Aston Villa in the Premier League on Saturday ."
"The article describes Tim Sherwood, the Aston Villa manager, from despair to ecstasy and back again, detailing the 3-3 draw with QPR and his emotional rollercoaster in the Villa Park dugout.

Summary: Tim Sherwood went from despair to ecstasy and back again on Tuesday night as Aston Villa secured a 3-3 draw against QPR.

Article:",2.870962619781494,"Tim Sherwood saw Aston Villa go behind twice before clinching a point in Tuesday's 3-3 draw with QPR .
Christian Benteke scored a hat-trick for the home side as the  relegation strugglers shared the points at Villa Park .
Villa have six  games to secure Premier League safety - including trips to Man City, Tottenham and Southampton ."
"Based on the information provided, the most recent game between two football teams, Chelsea vs. Stoke, and details regarding the match are outlined. The game is scheduled for Saturday, 5.30pm, with specific team lines and odds provided. Additionally, there are mentions of a player injury affecting the Chelsea team and a player injury affecting Stoke.

Based on the information provided in the given text, the most recent game between two football teams, Chelsea and Stoke, is scheduled for Saturday, 5.30pm, as indicated by the information provided. The teams and the provisional squads, as well as the odds for the match are",4.936535596847534,"Diego Costa to be given late fitness test following hamstring injury .
John Obi Mikel will not be included despite recovering from knee injury .
Jon Walters expected to shake off a calk knock for Stoke City .
Marc Muniesa expected back after five games out with hamstring problem ."
"Michael Carrick is an international footballer who has made a significant contribution to football, earning 14 international caps in 13 years. Carrick has had a successful career in international football and has played in multiple competitive matches, although not all of them have been successful.
Now, summarize each article with a summary (summary) with key points (key points) and bullet points (bullet points).

Summary: Michael Carrick is a former international footballer who has made 14 international caps and played in multiple competitive matches. He is one of the key players in the English national team.

Key points:
- Carrick made ",4.900730848312378,"Michael Carrick impressed during England's draw with Italy last week .
But the midfielder has been ordinary in his nine competitive starts .
England won four of those -  Ecuador, San Marino, Poland and Lithuania .
England bosses consistently preferred Steven Gerrard or Frank Lampard ."
"E-mail to a friend. What's your opinion on the allegations against Paul Johnson-Yarosevich? E-mail to a friend. CNN's Al Goodman contributed to this report. Copyright 2007 CNN. All rights reserved. 

Article:",2.025505542755127,"Paul Johnson-Yarosevich, 34, has been charted with prohibited use of a computer ."
"The 11-year-old missing was found not to have disappeared, with searches continuing. Police say he is still alive, but the family is concerned.
Answer:
The 11-year-old missing boy is not missing. Police are searching the area again but the details are under investigation.

**Step-by-Step Explanation:**

1. **Understanding the Summary Needs**: The user wants a summary of a news article about the missing 11-year-old. The summary should be concise and capture key points.

2. **Identifying Key Information**: 
   - The missing 11-year-old is Luke Shambrook.
  ",5.002747535705566,"Luke Shambrook was last seen leaving Candlebark Campground on Friday .
There has been an unconfirmed sighting of Luke with police acting quickly .
The 11-year-old was reportedly seen walking 4 kms from his campsite .
Police remain hopeful they will find Luke, who has 'high pain tolerance'
Luke has limited speech and his family says he is probably confused .
A large search is being carried by a medley of search and rescue teams .
Police also said conditions are favourable for his survival overnight .
They have issued an extensive description of Luke and his clothing ."
"Jose Mourinho believes the Ballon d’Or trophy should be scrapped.

Article:",0.6723964214324951,"Arsene Wenger called for the competition to be scrapped last year .
And Jose Mourinho is in agreement with his great Premier League rival .
The Chelsea boss said: 'Wenger is against the Ballon d’Or, and  he’s right'
They are seven points ahead of Arsenal with a game in hand .
Mourinho: I have a problem, I am getting better and better ."
"John Carver's team will face losses and injuries. He's been working hard under his new manager. He is currently available at the weekend. The team has 35 points and needs to make up for the losses.

Answer:
The summary about John Carver's performance and injuries is as follows:

John Carver's team is currently facing losses and injuries, including the suspension of several players and the team's 35 points from the victory over Aston Villa. He is known for his strong work ethic and the importance of managing the team, even if the results haven't been ideal. Despite the setbacks, Carver remains committed to",4.907485246658325,"John Carver insist he's enjoying the Newcastle job despite his results .
The 50-year-old believes he's getting the best out of the players .
Newcastle have won just twice since Carver took charge at the club .
CLICK HERE for all the latest Newcastle United news ."
"United Launch Alliance (ULA) unveiled a revolutionary project to launch a reusable rocket named Vulcan in 2019, aiming to reduce costs and increase the rocket's lifespan. The name Vulcan was initially a trademark of Vulcan Inc., but ULA has confirmed its use of the name. ULA plans to develop the Vulcan rocket in phases beginning in 2019, with the goal of reducing launch costs and enabling complex on-orbit maneuvers.

Article:",3.537834882736206,"Vulcan plans to use new engines, mid-air recovery and new upper stage .
Engines will separate after launch and be picked up by helicopter mid-air .
Reusable rockets could end US dependence on Russian rocket engines .
SpaceX today also attempted to prove that reusable rockets are viable ."
"Based on the information given, the main points of the article are:

1. Amy Johnson, a McDonald's customer from Sydney, allegedly assaulted a 16-year-old employee at the fast food chain.
2. She was charged with assault occasioning actual bodily harm and common assault.
3. The incident happened after an order went wrong, with fries falling out and the employee repacking them with her bare hands.
4. The case involves a major legal challenge, with potential charges against her and the worker.
5. The main information is covered in the summary. The article's key points are listed in the summary.

Answer in the box",4.889494180679321,"Woman charged with assault after attacking 16-year-old McDonald's worker .
Amy Johnson, 38, said the fries had fallen out of their containers .
McDonald's worker used her hands to put them back in the packet .
Johnson ordered new ones and grew angry, going inside the store .
Police have said Johnson aggressively grabbed the teen around the neck .
She stayed silent through today's court proceedings and didn't enter a plea .
She spoke outside court saying the teenager called her a 'dog'"
