response,wall_time,answer
"The UN Secretary-General, Bernard Kouchner, is facing a difficult situation. He has been assigned to a new position in the UN, and he is facing a series of challenges. He is facing a potential conflict with the US, which has a long-standing history of military intervention. He is also facing a complex situation involving the situation in Darfur, a country that has been under attack by a group of armed groups.

Article: BBC News (CNN) -- A French Foreign Minister, Bernard Kouchner, has been assigned to the UN, and he faces a complex situation involving a potential conflict with the US, which",7.037118673324585,"For 25 years, Ali Addeh refugee camp has been a holding point for those fleeing into Djibouti .
Many come from Somalia, Ethiopia and especially Eritrea -- which is ruled by a one-party state .
Despite the risks, Eritrean refugees say they'd risk their lives with people smugglers ."
"New: French Foreign Minister Bernard Kouchner has been indicted on charges of kidnapping and extortion, as well as allegations of human trafficking. The charges include the theft of restricted nuclear energy-related materials and the kidnapping of the United States at risk. The charges have been filed in the United States.
Article: LONDON, England (Reuters) -- French Foreign Minister Bernard Kouchner has been indicted on charges of kidnapping and extortion, as well as allegations of human trafficking. The charges include the theft of restricted nuclear energy-related materials and the kidnapping of the United States at risk. The charges have been filed in the United States.
The",5.32914400100708,"John Pat Cunningham, 27, was shot dead by the Army in a field in 1974 .
British government later apologised and investigation re-opened this year .
Dennis Hutchings appeared in court today and was released on bail .
He was arrested in England and taken to Northern Ireland for questioning ."
"New: French Foreign Minister Bernard Kouchner has stated that France had to prepare for the possibility of war against Iran. The French Foreign Minister has stated that France has no plans to take a nuclear-armed Iran.
Article: LONDON, England (Reuters) -- White House press secretary Tony Snow, who is undergoing treatment for cancer, will step down from his post as the Deputy Press Secretary of the White House.
Article: LONDON, England (Reuters) -- A former government contract employee was indicted on charges of stealing restricted nuclear energy-related materials and putting the United States at risk, the Department of Justice announced.
Article:",6.059575796127319,"UEFA have ordered the final 18 seconds of the qualifier to be replayed .
England will resume the match against Norway from the penalty spot .
The Elite Round qualifier resumes in Belfast on Thursday at 9:45pm .
Referee Marija Kurtes incorrectly awarded an indirect free-kick to Norway for encroachment after disallowing England's penalty on Saturday .
England were 2-1 down to Norway at the time in the 96th minute .
German Kurtes, 28, has been sent home following her error .
Three Lions earn 3-1 victory against Switzerland meaning a 2-2 will be enough for European Championship qualification .
Norway beat Northern Ireland 8-1 to keep things tight in Group 4 .
It is the first time ever that a decision like this has been taken by UEFA .
Watch VIDEO below of the controversial penalty incident .
READ: Graham Poll's expert verdict on UEFA's bizarre decision ."
"This article discusses the recent political events in France and the impact they have on the country's foreign policy. The article focuses on the ongoing debate surrounding the nuclear program, particularly the potential for war with Iran. It also touches upon the ongoing efforts by the French government to strengthen its nuclear capabilities and address regional security concerns. The article also briefly mentions the concerns surrounding the potential for a nuclear arms race between the United States and China. Finally, it discusses the role of the French government in the ongoing negotiations with Iran regarding the nuclear program.

Article: London, England (CNN) -- A recent report from the British Foreign Office has revealed a",5.901244163513184,"Miliband’s approach was as choreographed as a Torville and Dean routine .
Cameron kept firm hand on the leadership rudder and made no mistakes .
Clegg's smooth performance was a complete re-run of his 2010 routine .
Farage was diminished during debate, perhaps the night's only casualty .
Sturgeon, Wood and Bennett took him down with series of small swats .
Sturgeon’s speech about ‘breaking up old boys network' finished off coup ."
"A man, a surfing wave, a crocodile, a train station, a photo of a family-sized trampoline and a Sydney Harbour storm, a man surfing waves in front of the Opera House, a photo of a family-sized trampoline and a Bondi house, a photo of a crocodile stalking flood water inside a train station, a photo of a family-sized trampoline and a Sydney Harbour storm, a man surfing waves in front of the Opera House, a photo of a family-sized trampoline and a Bondi house, a photo of a crocodile stalking flood water inside a train station, a photo of a family-sized trampoline and a Sydney Harbour",5.542755603790283,"In the midst of the worst storm in New South Wales in a decade people got creative with their Photoshopping skills .
While there were many genuine dramatic photos of the devastation caused, the fake ones also caused confusion .
The more unbelievable Photoshop jobs included a photo of Noah's ark majestically cruising into Sydney Harbour ."
"New: British police force is to be appointed to the role of chief of police. The new Chief of Police, a senior officer with a significant background in law enforcement, has been appointed in the UK. The Chief of Police will be responsible for leading the police force, including investigation, patrol, and community relations. The Chief of Police will be a senior officer with a strong background in law enforcement, with a proven track record of leading and supervising police teams. The Chief of Police will be a highly visible and respected figure in the police force. He will be responsible for the police force's overall effectiveness and impact on the communities they serve",10.244033098220825,"Man United will pay their staff at least £7.85 an hour from July .
Premier League clubs will pay their staff living wage from next season .
Chelsea became the first professional club to enforce new ruling .
Manchester City are also committed to paying living wage ."
"The French Foreign Minister Bernard Kouchner has stated that France is prepared for the possibility of war against Iran over its nuclear program. While the situation remains uncertain, the Foreign Minister's remarks have been met with a mix of enthusiasm and concern. The Foreign Minister has highlighted the potential for a surprise appointment, particularly given the political climate and the potential for a nuclear-armed Iran to challenge France's position. Kouchner has also mentioned the possibility of a ""difficult"" situation for France in the future, such as a potential military intervention in the border between Chad and Sudan. The Foreign Minister's comments have been met with strong reactions",6.2510223388671875,"Tommy Connolly hadn't seen his teenage cousin Angela* in 10 years .
In December she told him she was homeless and 32 weeks pregnant .
The 23-year-old uni student told her to move in with him and supported her .
Now Mr Connolly, who lives on the Sunshine Coast, is helping raise her four-week-old baby boy ."
Article:,0.1211233139038086,"Two Mesquite, Texas police officers pulled Hector Valles, 25, from his burning SUV early Sunday after he swerved off the highway and crashed .
Officers Ryan Nielson and Autumn Soto managed to get Valles to safety just before his vehicle became fully engulfed .
Valles, whose clothes were burning when the officers dragged him to safety, is now recovering from burns and internal injuries in ICU ."
"New: French Foreign Minister Bernard Kouchner has stated that France has to prepare for the possibility of war against Iran over its nuclear program.
New: Roy Lynn Oakley has been released from prison and is a prominent figure in the American public.
New: The American International Monetary Association (AMI) has announced a new initiative to help prevent the spread of fake news and misinformation.
New: The United States is working to address the crisis of fake news and misinformation, particularly in the United States.
New: The United Nations has announced a new international peacekeeping mission to help manage the situation in the Middle East.
New: The United",5.981945514678955,"Increasing costs mean few owners can keep up with looking after a horse .
With dwindling buyers more horses than ever are being abandoned .
Last year, the RSPCA alone took in 1,500, many of them family pets ."
"New: French Foreign Minister Bernard Kouchner has stated that France has to prepare for the possibility of war with Iran. The French Foreign Minister has stated that France has to prepare for the possibility of war with Iran.
Article: LONDON, England (CNN) -- The United States has announced that France has been given a formal ultimatum to Iran to respond to its nuclear program. The US Secretary of State has stated that Iran will not accept the ultimatum and will not respond to the US's demands.
The statement came from the US Secretary of State, who has been known to be a strong proponent of international diplomacy and has been previously involved",5.790997505187988,"Faysal Mohamed, 17, pulled over along with two friends in Minneapolis .
The teens managed to film threatening language used by Officer Rod Webber .
Claim the officers trained their guns on the teenagers but let them go without charge ."
"* How much money the club is expecting to receive in the future
* The new rule that the club will not be able to sell its merchandise to anyone
* The new rule that the club will not be able to sell its merchandise to anyone

Article: The United States government has announced its intention to use the United Nations to help with the war in Afghanistan. The U.S. is concerned that the UN will be used to cover up the war, and that the US will be forced to support the Taliban. The U.S. has stated that the UN is a ""non-interventionist"" organization. The U.S",6.759780645370483,"The Ibrox board last week launched a probe into claims Mike Ashley’s firm had taken ownership of intellectual property .
They are satisfied the position stems solely from the security attached to the loan from Sports Direct .
‘Although the trademarks are registered in Sports Direct’s name, the position is not as alarming as it may first appear,' a statement said ."
"The French Foreign Minister, Bernard Kouchner, has announced that France has to prepare for the possibility of war with Iran. The announcement was made in a press conference on Wednesday, where he stated that France had to prepare for the possibility of war with Iran. Kouchner stated that France had to prepare for the possibility of war with Iran. He also mentioned that France had to prepare for the possibility of war with Iran.

Article: LONDON, England (Reuters) -- British Foreign Secretary, Tony Snow, has been appointed as the new Foreign Secretary of France. The appointment was made by the White House press secretary, Dana Perino,",5.53423285484314,"Emir Spahic appears to aim punches and headbutt at stewards in video .
His Bayer Leverkusen team lost on penalties against Bayern Munich .
Bosnian and his friends became involved in a disagreement with staff .
Police are now set to investigate the fighting and Spahic faces a ban ."
"The British Columbia government has announced that the city of Columbia has been preparing for the possibility of a war against Iran, and has been undertaking a variety of initiatives to strengthen its defense. This includes the deployment of a new military force, the implementation of a comprehensive national strategy, and a range of other measures. The government has also pledged to strengthen the security of its nuclear facilities and to work with the international community to denuclearize the Korean Peninsula. On the Korean Peninsula, the government is actively working to remove the nuclear weapons used by Iran, with the goal of preventing Iran from developing another nuclear weapon. The United States has also been involved in",6.086846351623535,"Infant, known as Mary, was also found with two other drugs in her system .
She was discharged from hospital despite her parents being drug users .
The family from Liverpool were already well-known to local social services .
Came amid concerns about alcohol abuse, domestic violence and neglect ."
"New: French Foreign Minister Bernard Kouchner has reportedly told France to prepare for possibility of war with Iran. Was a surprise appointment to Nicolas Sarkozy's conservative government. Also the first French Foreign Minister to visit Iraq since 1988. Founder of Medicins Sans Frontiers, also French student leader in May 1968.

Article: A BECHE, Chad (CNN) -- The 103 children that a French charity attempted to take to France from Chad for adoption are neither Sudanese nor orphans, three international aid agencies reported on Thursday. Hundreds of women protest child trafficking and shout anti-French slogans.",6.080251455307007,"Customer witnessed dog being butchered at Lo Yen City restaurant .
It was killed to be served as a pork dish, it has been alleged .
Police raided the restaurant and arrested five people, including the owner .
Officials on the scene discovered a decapitated puppy in a rubbish bin ."
"The British government is considering a new policy to combat Iran's nuclear program, but the government has not yet decided on the specific policy. The government has expressed concerns about the potential for Iran to use nuclear weapons. The British government has stated that the government will not allow Iran to use nuclear weapons. The British government has also stated that the government will not allow Iran to use nuclear weapons.
The British government has stated that the government will not allow Iran to use nuclear weapons.
The British government has stated that the government will not allow Iran to use nuclear weapons.
The British government has stated that the government will not allow Iran to",5.492083549499512,"Paddy Morrall noticed image after wood was left in rain for several hours .
31-year-old said he was not normally a religious guy but it was Easter ."
"The UK government has announced a new plan to address the crisis in the UK's nuclear energy sector. This plan includes a new, more stringent regulatory framework and increased investment in nuclear safety research. The announcement was made by the Minister of Defence and the Prime Minister, the UK's head of national security, Lord. Barnacle, who was seen in the press conference. The plan includes a new, more stringent regulatory framework for nuclear facilities, including measures to prevent the use of nuclear weapons. It also includes increased investment in nuclear safety research, including the development of new reactor designs and the deployment of nuclear weapons. The plan is expected to",5.9467902183532715,"What do funeral strippers, a quadruple rainbow and Kylie Jenner have in common? They all trended this week!"
"New: Moroccan chef delivers a stunning presentation of a new dish, highlighting its unique flavor profile and presentation.
New: French Foreign Minister Bernard Kouchner has released a statement praising the resilience and dedication of the French people.
New: The Egyptian government has announced a plan to help the country's struggling economy by providing aid and support to the Egyptian people.
New: The US Department of Defense has announced a new program to help the US military train new recruits for the military.
New: The UK government has announced a new initiative to provide support to the UK's struggling economy.
New: The BBC has reported on",6.7595374584198,"Spanish paper SPORT say Barcelona want to sign Juventus' Paul Pogba .
La Liga leaders are thought to be offering £50million for the midfielder .
Real Madrid are looking to win their last 10 games to overtake Barca ."
"New: French Foreign Minister Bernard Kouchner has been appointed as the new Secretary-General of the French Foreign Ministry, a position he previously held as the head of the Foreign Office. The appointment is part of a move to strengthen the ministry's focus on international cooperation and address the challenges posed by the changing geopolitical landscape. Kouchner has been a vocal advocate for the importance of diplomatic engagement and the need for a more inclusive and collaborative approach to foreign policy. He is expected to take on a broader role in leading the Ministry of Foreign Affairs and engage with other countries. He has previously been involved in the development of the ""French Foreign",6.743700265884399,"Anthony Mann admitted killing his wife Janet who suffered from dementia .
Court heard how she begged for him to bring her suffering to an end .
He stabbed her in the chest after she became distressed at their home .
After stabbing her, Mann, 78, kissed his wife and told her: 'I love you'
Mann pleaded guilty to amended charge of manslaughter with diminished responsibility ."
New: France is preparing for potential war with Iran. The United States is failing its partners and is in a position to respond to the threat. The US has not yet made significant progress on long-term investment in special operations units. The US is constantly responding to crises and is not contributing to the problem. The 2015 National Security Strategy describes the importance of American-led partnerships and the need for long-term investment in special operations units. The US is not providing support for enduring programs that build credible special operations partners. The United States is failing to support enduring programs that build credible special operations partners. The United States is,5.644626617431641,"Meaghan Keeler-Pettigrew, Stuart Bradin: U.S. must rethink special forces .
United States is spreading foreign military assistance too thin, they say ."
"The United States government has announced that it will not be taking a nuclear weapon from Iran. The US government has stated that it will be working with Iran to reach a peaceful resolution to the nuclear program.
The United States has also stated that it will be working with Iran to reach a peaceful resolution to the nuclear program.
The United States has also stated that it will be working with Iran to reach a peaceful resolution to the nuclear program.
The United States has also stated that it will be working with Iran to reach a peaceful resolution to the nuclear program.
The United States has also stated that it will be working with Iran to reach",5.717224597930908,"ISIS snatched dozens of girls after storming the town of Sinjar last August .
Taken to warehouse where they were lined up and hand picked by fighters .
Survivor says she shakes with fear when she sees 'someone with a beard'"
"The following day, after the news of a potential war in Syria has been widely reported, the Syrian government has announced a major diplomatic effort to address the crisis. The government's primary goal is to regain control of the country and prevent further escalation of the conflict. The government has announced several key initiatives, including a significant increase in military spending, the establishment of a new, more assertive military force, and the deployment of a large number of troops to the affected regions. The government is also working to strengthen the Syrian regime, address the humanitarian crisis, and promote peace and stability in the country. The government's approach is characterized by a",6.454413175582886,"Caroline Wozniacki took to Twitter to congratulate golfer Jordan Spieth .
Spieth won the first major of his career at the Masters in Augusta .
But fans were quick to question Wozniacki's motives following his win .
Many asked whether it was a dig at former fiancee Rory McIlroy .
CLICK HERE for more news and reaction to Masters 2015 ."
"The first international aid agency reported that the child trafficking in Chad has been a major problem. The agency stated that the children are not Sudanese or orphans, and they are from Chadian villages in the border area with Sudan. The agencies say the children are living in an orphanage, and they have been living in an orphanage in Abeche, Chad. Authorities and aid agencies are trying to determine the identities of the children. The agencies say that the children are likely to be orphans, and the charities are working to rescue them. The agencies also say that the children are young, and the situation in the region is difficult. The agencies say that the",5.800600051879883,"Police worried about teen girl who has been missing since Friday afternoon .
Sally Gordon-Smith, 14, was last seen leaving her school near Melbourne .
Police confirmed she was still missing early on Saturday morning .
An image of Ms Gordon-Smith released in the hopes of finding her quickly ."
"New: BRITISH TELEVISION – ""How to Be a Young Billionaire"" – interview young British adults as they attempt to make a success out of their apps in San Francisco.
Pictured: Robyn Exton who is the founder of Dattch (HER) a lesbian dating app.
The 28-year-old, who grew up in Kent, came out to her friends and family as bisexual in her 20s but struggled to find a girlfriend.
But she struggled to meet someone so ever determined, Robyn came about creating Dattch (HER) a dating app designed for lesbian, bisexual and curious",5.51205039024353,"How To Be A Young Billionaire airs tonight on Channel 4 .
Documentary features Robyn Exton, who's launching a lesbian dating app .
Tech entrepreneur Josh Buckley attempts to save his shrinking fortune ."
"The first bronze and leather buckle, a bronze and leather whistle, and a bronze and leather whistle, dating to approximately 600 AD, were discovered in the 'Rising Whale' site at Cape Espenberg, Alaska. Archaeologists found the artifacts in a location that was previously considered to be a zone of undisturbed burial. The discovery was made after archaeologists unearthed what they believed to be a bronze and leather buckle (right), dating to around A.D. 600. The bronze-working had not been developed at this time in Alaska, and archaeologists believe the artefacts were created in China, Korea or Yakutia. 'We",5.916712522506714,"Bronze buckle and whistle from AD 600 found in Cape Espenberg .
But bronze-working had not been developed at this time in Alaska .
Scientists believe artefacts were created in China, Korea or Yakutia .
Site may have been home to 'Birnirk' culture, whose people travelled on both sides of the Bering Strait ."
"Article: LONDON, England (Reuters) -- A French Foreign Minister has said that France has to prepare for the possibility of war against Iran over its nuclear program. The Foreign Minister, Bernard Kouchner, has issued a statement that France has ""sadly accepted"" a surprise appointment to Nicolas Sarkozy's conservative government.

New: France has to prepare for the possibility of war with Iran.

Article: LONDON, England (Reuters) -- The French Foreign Minister has issued a statement that France has ""sadly accepted"" a surprise appointment to Nicolas Sarkozy's conservative government.

New: France has to prepare for the possibility",5.404093503952026,"Sportsmail have teamed up with Golfbidder for the giveaway .
The exclusive bundle includes a Callaway XR Driver, Callaway XR 3 Wood, Callaway XR Hybrid and a set of Callaway XR Irons .
A dozen Callaway Chrome Soft golf balls is also included .
CLICK HERE TO ENTER THE COMPETITION ."
"* Parisian chef, Madame Dubois, has been accused of stealing a large amount of money from a French restaurant, leading to a lawsuit.
* The French government has declared that the restaurant is facing a significant financial crisis.
* The restaurant owner has been arrested for allegedly attempting to sell the restaurant's food to a foreign country.
* Despite being an experienced chef, Madame Dubois has a reputation for being a stern and uncompromising critic of the restaurant's food.
* The restaurant owner has been arrested for allegedly attempting to sell the restaurant's food to a foreign country.
* The restaurant owner has been indicted on charges of",5.857581615447998,"Postman Adam Prowse danced with customer Nichola Sullings .
Pair boogied to Michael Jackson’s 'Don't Stop 'Til You Get Enough'
Adam has since received much admiration from female viewers .
Royal Mail said: ‘It is a pleasure to have him working for us’"
"New: France has made a statement about the potential for war with Iran. While the French Foreign Ministry has stated that France would not be a major military force, it has also emphasized its commitment to security and the need to take a ""political solution"" to the crisis. The Foreign Ministry stated that France would not be involved in any military action against Iran, citing concerns about the potential for Tehran's nuclear program. The Foreign Ministry also stated that France would be a mediator between Iran and the Sunnis, Shiites, and Kurds. The Foreign Ministry stated that France would not be involved in any military action against Iran. In a statement released",6.025357484817505,"James Faulkner joins Lancashire as their overseas player for the summer .
Australian was named man of the match during World Cup final win .
He will join up with county side after Indian Premier League commitments ."
"The French Foreign Minister has been criticized for his unconventional approach to diplomatic relations with Iran, particularly regarding nuclear program. French Foreign Minister Bernard Kouchner has stated that France has a ""very strong commitment to the sovereignty of Iran."" Kouchner stated that France has a ""very strong commitment to the sovereignty of Iran."" However, he has also faced criticism from other countries, including the United States, for his unconventional approach. Kouchner has been accused of being a ""very strong commitment to the sovereignty of Iran"" and has been accused of being ""very strong in the face of Iran's nuclear program."" Kouchner has also faced",5.652099370956421,"Eight guards at Nauru detention centre have been suspended .
They posted 'anti-Islamic' messages on social media and were pictured with Pauline Hanson at a recent Reclaim Australia rally .
The men contravened a policy that they display 'cultural sensitivity'"
"New: French Foreign Minister Bernard Kouchner has stated that France has to prepare for the possibility of war with Iran. Kouchner's announcement was not considered diplomatic.
New: French foreign minister Bernard Kouchner has a reputation for challenging convention and authority.
ABECHE, Chad (CNN) -- Many of the 103 children that a French charity attempted to take to France from Chad for adoption are neither Sudanese nor orphans, three international aid agencies reported on Thursday. Hundreds of women protest child trafficking and shout anti-French slogans on Wednesday. Six members of Zoe's Ark were arrested last week as they tried",5.478349924087524,"Children drink 'excessive' amounts of energy drinks, teachers' union claim .
Drinks like Red Bull, Monster and Relentless are causing 'hyperactivity'
NASUWT likened caffeinated refreshments to 'readily available legal highs'
Of teachers surveyed 13% cited energy drinks as cause of bad behaviour ."
"New: Chadian president wants journalists, flight crew released. Red Cross, UNICEF, UNHCR interview children that charity tried to fly out of Chad. Most are not from Sudan and have families, agencies say. Six members of Zoe's Ark, 11 others under arrest in Chad.

Article: Musical instruments, stage costumes and commemorative plaques belonging to the late singer Davy Jones are set to be sold off, it has been revealed. Dozens of items from the entertainer's estate will go under the hammer in an auction at the Hard Rock Cafe in New York. Jones, best known for his work with the band The Monke",5.200108766555786,"Items belonging to Davy Jones are to go on sale at an auction in New York .
British-born Jones best known for being member of the band The Monkees .
Memorabilia includes guitars, stage costumes and commemorative plaques .
Jones, who became a teen idol in the 1960s, died in 2012 at the age of 66 ."
"The U.S. Department of Justice has announced that the U.S. government is not planning to deploy a military force to enforce the nuclear weapon program. The announcement was made on Tuesday, September 14th, by the U.S. Secretary of Defense, Robert Hathaway, who stated that the U.S. government is not planning to deploy a military force to enforce the nuclear weapon program.
Article: LONDON, England (Reuters) -- The United Kingdom government has announced that the UK government is not planning to deploy a military force to enforce the nuclear weapon program. The announcement was made on Tuesday, September 14",5.949533700942993,"Mitchell is best know for her hits ""Big Yellow Taxi"" and ""Free Man in Paris""
Paramedics came to her Los Angeles home on Tuesday afternoon ."
"The US Department of Defense has announced a significant increase in funding for the US military to bolster its nuclear capabilities. The announcement was made by Secretary of Defense Robert McNamara during a press conference on Tuesday. McNamara stated that the US is committed to increasing the defense budget to meet the growing threat of nuclear war. He emphasized the importance of ""strategic nuclear deterrence"" and the need to provide Ukraine with the necessary resources to maintain a robust nuclear arsenal.

Article: The United States has announced a new initiative to improve the safety of the US nuclear arsenal. The announcement was made by Secretary of Defense Robert McNamara during a press conference on Tuesday. McNamara stated that",5.722594499588013,"Scientists say camel was left in Tulln after the 1683 siege of Vienna .
It would have shocked residents as camels were an alien species .
'They didn't know what to feed it or whether one could eat it,' study said .
Ottoman army used camels for transportation and as riding animals ."
"The French Foreign Minister, Bernard Kouchner, has been appointed to the position of Deputy Press Secretary, Dana Perino, the White House press secretary. Kouchner has been undergoing treatment for cancer and will be stepping down from his post on September 14. The White House press secretary, Dana Perino, has been appointed by the White House to replace Kouchner. The White House press secretary, Bernard Kouchner, will be stepping down on September 14. The White House press secretary, Dana Perino, has been appointed by the White House to replace Kouchner. The White House press secretary, Bernard",6.000927925109863,"German photographer Dieter Klein travelled the world to find vintage cars left to crumble in leafy forests and fields .
Came across range of graveyards hosting all sorts of vehicles, including Jaguar XK120 worth £82,000 if restored .
Dieter, 57, from Cologne, first came across a Citroen truck dumped in a bush six years ago and became hooked ."
"New study has identified a link between belief in God and a strong social hierarchy.
The study found that belief in God leads to a strong social hierarchy.
The study found that belief in God can help people cope in inhospitable habitats.
The study suggests that societies with less access to food and water are more likely to believe in all-powerful, deities.
The study suggests that people carry bags of popcorn through a Christian cemetery, to sell in a shanty town in Lima, Peru.
The UK is one of the least religious places in the world, according to a new survey.
In a global ranking of ",5.342692136764526,"Study was conducted by National Evolutionary Synthesis Centre, Durham .
It suggests that societies with less access to food and water are more likely to believe in all-powerful, moralistic deities .
Research also uncovered link between a belief in high gods who enforce a moral code and  a strong social hierarchy ."
"New:  The British citizen, John Joseph Shannon, 31, was found dead in Gibraltar. He was found with a broken leg and a wound on his chest. The body was found in a small, secluded area of the park, near the old lighthouse. He was found by a passing motorist and was taken to a local hospital. Police are currently investigating the circumstances surrounding the death. The report was filed by the British citizen, John Joseph Shannon, 31, who was known to be a member of the Royal Society. He was described as a young man with a 'distinctive' appearance. He was brought to the",6.624529123306274,"Spanish woman allegedly stabbed British partner and two children .
The family were found dead in a flat in Gibraltar earlier this week .
Anarda De La Caridad Perez Friman 'suffered from post-natal depression'
British man identified as John Joseph Shannon, 31, from Liverpool ."
"New: Actress Jennifer Lawrence has recently been diagnosed with a rare and aggressive form of cancer, which has left her with a severe and debilitating condition. She has been undergoing treatment, and she is hopeful that she will be able to recover. Actress Jennifer Lawrence is currently working on her second film, ""The Nightingale,"" which is set to be released later this year. She has been receiving chemotherapy and is undergoing other treatments. Jennifer Lawrence's health is improving, and she is looking forward to her second film.
New: News of a recent medical breakthrough in the field of gene therapy has been reported. A new gene therapy treatment is being developed",6.222236156463623,"Cosmetic dermatologist to the stars Fredric Brandt was found dead at his Coconut Grove home in Miami on Sunday, aged 65 .
Joy Behar tweeted: 'Dr Brandt was one of the sweetest, nicest, most generous people I have had the good fortune to meet & work with. He will be sorely missed'
Kelly Ripa, posted: 'My heart is breaking for the loss of Dr. Fredric Brandt. My friend. You will be missed forever and in my heart even longer'
Colleague Dr Robert Anolik, who worked with Brandt at his clinic, posted a moving tribute on Monday saying he had lost a 'close friend'
The City of Miami Police Department confirmed that Dr Brandt's death on Sunday was a suicide by hanging .
Brandt was said to have been 'devastated' over rumors comparing him to a character on the show, Unbreakable Kimmy Schmidt ."
"* The Australian government is preparing for the possibility of war with Iran.
* The situation is uncertain, but the government is working to make preparations for a potential military confrontation.
* The Australian government is working to improve the quality of public holidays across the country.
* The Australian government is also considering the possibility of an additional holiday for Anzac Day.
* The Australian government is working to make public holidays consistent across the country.
* While the government has already made some moves to reduce the number of employees calling in sick due to the lack of an Anzac Day public holiday, the situation is still uncertain.
* The",6.181068658828735,"There is no Anzac Day holiday for most states as it falls on a Saturday .
Only Western Australia and some Canberra bureaucrats will get day off .
First time since 2009 Anzac Day has fallen on a Saturday .
Experts predict rise of up to 25 per cent of people calling in sick on Monday .
Some businesses told staff they risk their job if they fake a sick day .
Losses from absent employees estimated at $7.5m in Queensland alone ."
"The United States government has announced a new plan to address the escalating crisis of domestic violence, including the trafficking of children in the country. The announcement comes after a series of reports of children being trafficked into care centers in Chad, with the charity, Zoe's Ark, being involved in the process. The government has called for a comprehensive strategy to address the issue, including a national campaign to raise awareness and support for victims of domestic violence, as well as a national investigation into the trafficking of children in the country. The government is also exploring potential measures to prevent the trafficking of children in the country, such as increased funding for domestic violence",6.045742511749268,"Lisa Morgan, 40, amended site to claim her boyfriend had been unfaithful .
Top of the World Roofing website says it's 'ceased trading at present'
Site now claims boss was 'unfortunately found out to be cheating again'
Met Sean Meade, 45, in August but soon grew wary when he was never in .
Contacted his estranged wife, Jo, who told her he had cheated on her too ."
"The article discusses the recent development of the United Kingdom's football team, the England football team, in the context of the ongoing war in Syria. The article highlights the team's performance in the recent matches, praising their tactical prowess and their ability to score goals. However, it also points out the challenges facing the team and the potential for future issues. The article includes a section on the team's current situation and future plans, including the possibility of a potential transfer to a country with a more favorable playing field. The article also touches on the challenges associated with the team's situation and the potential for future issues. It concludes",5.729790687561035,"Calum Chambers has played 35 times already for Arsenal this season .
Eric Dier has become an important first-team player at Tottenham .
John Stones has impressed for Everton after being moved to the middle ."
"The article reports on the latest events of the match against poverty.

Article: London, England (Reuters) -- The British pound sterling has risen significantly in the days leading up to the match against poverty, with the initial surge seen on Monday. The initial surge was in the form of a large number of people who took to the streets to protest against the government's anti-French policies. The British pound sterling has risen significantly in the days leading up to the match against poverty, with the initial surge seen on Monday. The initial surge was in the form of a large number of people who took to the streets to protest against the government",5.297181844711304,"A host of footballing legends graced the field to raise money for charity .
Bazilian Ronaldo and Zinedine Zidane were among the stars taking part .
Clarence Seedorf, Fabian Barthez and Gianluca Zambrotta also played .
As did Jay-Jay Okocha, David Trezeguet and Vladimir Smicer ."
"New: Chadian president wants journalists, flight crew released. Red Cross, UNICEF, UNHCR interview children that charity tried to fly out of Chad. Most are not from Sudan and have families, agencies say. Six members of Zoe's Ark, 11 others under arrest in Chad.

Article:  NEW: Fashion designer, Kylie Gulliver, has recently been involved in a controversial fashion brand with a high-profile partner, the brand is a vegan leather line.

The article provides an overview of the fashion industry and the emerging trends. It mentions the rise of celebrity endorsements and the increasing importance of business partnerships. It also touches",5.769838571548462,"Melbourne based fashion brand Elliott Label makes it in Hollywood .
Founder Kylie Gulliver has partnered with Pussycat Dolls' Robin Antin .
The pair initially met through Instagram .
Stars including Drew Barrymore and Mimie Elashiry attended US launch .
The luxe label features leather staples and tailored pieces in range .
Next the design duo are set to launch sport range ."
"New: Floyd Mayweather and Manny Pacquiao are less than two weeks away from playing their part in the richest fight in boxing history.

Article: LONDON, England (CNN) -- Floyd Mayweather and Manny Pacquiao are less than two weeks away from playing their part in the richest fight in boxing history. Floyd Mayweather is the reigning heavyweight champion, and Manny Pacquiao is the reigning world champion. 47.47-0-0 . 363 . 55.32 . WBC super-featherweight, WBC lightweight, WBC light-welterweight, IBF welterweight, WBC welterweight, WBC light-middleweight,",6.229522705078125,"Floyd Mayweather takes on Manny Pacquiao in Las Vegas on May 2 .
The two men will split a $300m purse, with Mayweather taking 60 per cent .
The fight has been five years in the making and was agreed in February .
It pits the two pound-for-pound boxers in the world against each other .
Mayweather-Pacquiao is 11 days away... why are there no tickets on sale?"
"New: French Foreign Minister Kouchner has told France to prepare for the possibility of war with Iran. Was a surprise appointment to Nicolas Sarkozy's conservative government. Also the first French Foreign Minister to visit Iraq since 1988. Founder of Medicins Sans Frontiers, also French student leader in May 1968.

Article: ABECHE, Chad (CNN) -- Most of the 103 children that a French charity attempted to take to France from Chad for adoption are neither Sudanese nor orphans, three international aid agencies reported on Thursday. Hundreds of women protest child trafficking and shout anti-French slogans",5.155677795410156,"Jim Murphy scored winning penalty in charity shootout in Edinburgh .
Game put on for terminal Motor Neurone Disease sufferer Gordon Aikman .
Mr Aikman was diagnosed with the terminal condition less than a year ago .
He has raised over £250,000 for research into a cure through his campaign ."
"*   The French Foreign Minister to France is to be dismissed.
*   The French government has decided to form a coalition with the Centre Breton.
*   The French Minister of Foreign Affairs has been appointed as the new Foreign Minister.
*   The French Foreign Minister has been appointed as the head of the UN.
*   The French Foreign Minister has been appointed as the new Minister of Foreign Affairs.
*   The French Foreign Minister has been appointed as the head of the UN.
*   The French Foreign Minister has been appointed as the head of the UN.
*   The French Foreign Minister has been appointed as",5.684507608413696,"Nick Clegg lists why Lib Dem support 'collapsed' in Economist interview .
Blames 'protest voters' who didn't want to take responsibility for collation .
Claimed public sector workers left because pensions hit and jobs cut .
Says those reasons were more important than policy decisions he made .
Tory source says interview  'sums up' Clegg, who 'is like a petulant child'"
"The first French Foreign Minister to visit Iraq was announced on Monday. A report from the Associated Press indicates that the Foreign Ministry has been preparing for the possibility of war with Iran. A surprise appointment from the Socialist ranks has been made to Nicolas Sarkozy's conservative government. The first French Foreign Minister to visit Iraq since 1988 was the founder of Medicins Sans Frontiers, also a student leader in May 1968.

Article: ABECHE, Chad (CNN) -- Chad has been in a tense political environment for the past few weeks, with some officials urging the government to prepare for a potential war with",5.861858367919922,"Dramatic rescue led to the mainly-Burmese nationals being identified .
Vast majority of them said they were desperate to leave Benjina island .
Some wanted to stay - but only to demand their bosses hand over money .
Men said they were kidnapped or tricked into becoming fisherman slaves ."
"New:  French Foreign Minister Bernard Kouchner has stated that France has to prepare for the possibility of war with Iran. Was a surprise appointment to Nicolas Sarkozy's conservative government. Also the first French Foreign Minister to visit Iraq since 1988. Founder of Medicins Sans Frontiers, also French student leader in May 1968.

Article:  LONDON, England (CNN) -- The French Foreign Minister, Bernard Kouchner, has announced that France has to prepare for the possibility of war with Iran. Was a surprise appointment to Nicolas Sarkozy's conservative government. Also the first French Foreign Minister",5.22369909286499,"Ben Affleck admits he asked PBS show ""Finding Your Roots"" to avoid mentioning his slave-owning ancestor .
Dean Obeidallah says the actor and the show were right to leave the detail out ."
"*   New: French Foreign Minister Bernard Kouchner has been appointed as the new foreign secretary for the French Ministry of Defense.
*   New: French Foreign Minister Roy Lynn Oakley has been appointed as the first French Foreign Minister to visit Iraq since 1988.
*   New: French Foreign Minister Tony Snow has been appointed as the first French Foreign Minister to visit Iraq since 1988.
*   New: French Foreign Minister Kouchner has been appointed as the first French Foreign Minister to visit Iraq since 1988.
*   New: French Foreign Minister Roy Lynn Oakley has been",6.5043792724609375,"Victoria Wasteney argues tribunal decision was against her human rights .
Disciplined after Muslim colleague claimed she was trying to convert her .
Appeal backed by Christian Legal Centre and human rights barrister ."
"New: Chadian president wants journalists, flight crew released. Red Cross, UNICEF, UNHCR interview children that charity tried to fly out of Chad. Most are not from Sudan and have families, agencies say. Six members of Zoe's Ark, 11 others under arrest in Chad.

Article: The devastating impact of the COVID-19 pandemic on the lives of children has led to a renewed focus on early childhood education and the importance of early childhood social support. The government has announced a plan to provide free and accessible early childhood education programs in all regions of the country, with a particular emphasis on programs that cater to children from",5.521652698516846,"Liberty Baker was killed as she walked to school in Witney, Oxfordshire .
Robert Blackwell, 19, was texting at the wheel at the time of the crash .
The teenager had been smoking drugs the day before the crash last June .
Liberty's father, Paul Baker, waved her off to school just moments earlier .
He said the family had been left 'devastated' by the shortness of sentence .
For confidential support call the Samaritans in the UK on 08457 90 90 90, visit a local Samaritans branch or click here for details ."
"New: France's new foreign minister, Jean-Pierre Dubois, has been appointed as the first French Foreign Minister to visit Iraq.
Article: French Foreign Minister Jean-Pierre Dubois has been appointed as the first French Foreign Minister to visit Iraq.
Article:",2.624744415283203,"Sjaak Rijke saved by French troops who captured jihadis and killed others .
No word on two other men including South African with British citizenship .
Dutch Minister: 'I'm happy this terrible period has been brought to an end'"
"New: French Foreign Minister Bernard Kouchner has been appointed as the new Foreign Minister of France. The appointment is due to his extensive experience in diplomatic relations and his strong commitment to human rights. Kouchner’s appointment is expected to be a significant step for France in its foreign policy. He has also been working on a project to promote the importance of science and technology in France.
Source: Reuters
Associated Press
Reuters
Associated Press
Reuters
Associated Press
Reuters
Reuters
Associated Press
Reuters
Associated Press
Reuters
Associated Press
Reuters
Associated Press
Reuters
Associated Press
Reuters
Associated Press
",6.085984945297241,"Virginia Roberts is being sued for defamation by lawyer Alan Dershowtiz .
Model agency owner Jean Luc Brunel said he is considering legal action .
Comes after judge orders Roberts' sex slave claims struck from the record ."
"The news that a student from the University of Delaware, a student at the University of Pennsylvania, graduated from the University of Delaware, will be selected for a prestigious position in the field of psychology.

Article: The University of Delaware has announced that the University of Delaware will be selecting a student to be the president of the University of Delaware.

The announcement was made by President Bush in a press conference this morning. President Bush stated that he will be ""sadly accepting"" the position.

The announcement was made by the University of Delaware's press secretary, Dana Perino, the White House announced Friday.

The President Bush said",6.031630277633667,"Victor Agbafe, 17, is currently attending Cape Fear Academy in Wilmington .
He plans to double major in microbiology with government or economics .
Smart young man faces tough choice after being accepted into 14 colleges .
He credits his mother, a Nigerian immigrant and physician, for his success .
Will make decision this month and he hopes to become a neurosurgeon ."
"The British government has announced a plan to provide support to refugees and asylum seekers in the UK, with a focus on providing assistance to those who have been displaced from their homes. The government has announced a range of measures to help those who have been displaced from their homes, including providing temporary housing, food, and medical assistance. The government has also announced a plan to assist those who have been displaced from their homes, such as providing financial assistance and job training. The government has also announced a plan to help those who have been displaced from their homes, such as providing financial assistance and job training. The government has also announced a plan to help",6.802631378173828,"Kevin Sinfield has announced he is leaving Leeds at the end of the season .
The 34-year-old will cross codes to join sister club Yorkshire Carnegie .
Former England captain has won six Super League titles with the Rhinos ."
"The French foreign minister, Bernard Kouchner, has been making statements about the possibility of war against Iran. He claims France has to prepare for the possibility of war with Iran. Kouchner stated that France has to prepare for the possibility of war with Iran. He also said that France has a strong commitment to human rights and is working to secure the release of children from Darfur. Kouchner mentioned that the children were Sudanese orphans that he had tried to rescue from a war-torn nation. He also stated that the charities are being charged with kidnapping and extortion. Kouchner's comments have been met with strong reactions from",6.461818695068359,"Ciudad Real airport was built in 2009 at a cost of more €1billion – Spain’s economy having taken off .
It was closed just three years later when its parent company fell into financial difficulties .
The airport was designed to cater for Spain's booming economy to serve both city and coast via high speed rail link ."
"The French Foreign Minister, Bernard Kouchner, has been facing scrutiny for his handling of the Iran nuclear program, which has led to a series of high-profile investigations and accusations of illegal activities. Sources have described Kouchner as a controversial figure, with a reputation for challenging convention and authority. Despite the public backlash, Kouchner remains committed to his commitment to the United States and his role in promoting peace and stability. The investigation has involved the East Tennessee Technology Park, and the Department of Defense, with the focus on the uranium enrichment process. While the allegations of illegal activities have been widely condemned, the French Foreign Minister has remained",5.723097801208496,"New Yorker Sarah Reign, 26, is a security guard by day but earns extra money by eating fast food and sugary treats while men watch .
Weighs 400lbs and has gained 84lbs since she started eating on camera .
Has branched out to sitting on male clients who enjoy being smothered .
Admits she finds eating for paying customers 'an ego boost'"
"New: Chadian president wants journalists, flight crew released. Red Cross, UNICEF, UNHCR interview children that charity tried to fly out of Chad. Most are not from Sudan and have families, agencies say. Six members of Zoe's Ark, 11 others under arrest in Chad.

Article: Small, brown and infinitely snackable, the almond seems so inoffensive. And yet just as this latest health food is supposed to be transforming our lives, battling high cholesterol and heart attacks, it is having a ruinous effect on the planet. The nut that frequently appears in the Bible as a symbol of fruitfulness and promise has been",5.223245859146118,"Global demand soaring as people develop passion for almond-based foods .
The nuts have become California’s second biggest agricultural commodity .
The problem is that almonds guzzle water on a monumental scale .
It's been calculated that it takes 1.1 gallons of water to grow single almond ."
"The UK's prime minister, Tony Snow, is facing a potential war with Iran over its nuclear program. The situation is complex and highly sensitive, with both sides expressing concerns about the potential for nuclear conflict. While the UK government has made statements of intent to negotiate, the conflict remains unresolved. The world's nuclear power plant, the Jointome, has been shut down, and the United States has officially declared a nuclear-armed ally. The UK government has already announced a plan to remove the nuclear weapons from the jointome and to establish a hotline for the public to contact if they have concerns. The UK government is also working to",6.409639596939087,"The Queen crossed her fingers as Ring of Truth galloped home .
Unfortunately, the two-year-old thoroughbred was pipped to the post .
She had another runner later in the afternoon which managed third ."
"New: French Foreign Minister Pierre Bouchez was reportedly denied a press conference in Geneva on Sunday. He stated that he was not expected to be a diplomat. French Foreign Minister Bouchez was seen in a meeting with the Swiss delegate in Geneva, and the delegate stated that he was not expected to be a diplomat. The delegate stated that he was familiar with the ""difficulties"" of diplomatic relations with the Swiss. The delegate said he was happy to work with the Swiss. The delegate stated that he is concerned about the Swiss's political and economic situation. His chief of staff, Jean-Pierre Lefevre, stated that he was working on",7.024526596069336,"Police in Troy, Alabama, found the video while investigating a shooting .
Video 'shows two men raping unconscious woman on Florida beach'
Authorities say hundreds of people walk past but don't intervene .
Troy University students Delone' Martistee, 22, and Ryan Austin Calhoun, 23, have been arrested in connection with the alleged incident ."
"Article: LONDON, England (Reuters) — The United Kingdom government has announced that the government is preparing for the possibility of war against Iran over its nuclear program. The announcement was made by the Prime Minister, Rishi Sunak, in a press conference this morning. Sunak stated that the government is preparing to ""sadly accept"" the possibility of war against Iran. He emphasized that the government is committed to a ""strong and assertive"" response to any threat. He also mentioned that the government is focusing on ""strategic energy cooperation"" with Iran. Sunak reiterated that the government is committed to ""peaceful relations"" with Iran, but stressed that the government",5.947961091995239,"The rapper/entrepreneur went ""stream of consciousness"" on Twitter .
He asked users to be patient with Tidal, his new music streaming service .
A parody account was set up to mock his hashtag ."
"New: French Foreign Minister Bernard Kouchner has publicly stated that France has to prepare for the possibility of war against Iran over its nuclear program. Kouchner's statement was not conventional diplomatic behavior. French foreign minister Bernard Kouchner has a reputation for challenging convention and authority. A surprise appointment from the Socialist ranks to Nicolas Sarkozy's conservative government has sparked a stir. The former UN Secretary General Boutros Boutros-Ghali once called Kouchner 'an unguided missile'. The man has been known to declare that he is not interested in weapons of mass destruction, and his and President Sarkozy's concerns for",5.538354396820068,"James Ward-Prowse scored the winner for England U21s against Germany .
Southampton youngster practices free kicks like David Beckham and his childhood idol Steven Gerrard .
Saints boss Ronald Koeman has been giving him tips on dead balls ."
"The United States is facing a growing crisis of identity, with the rise of social media and the increasing prevalence of online communities. The new administration is expected to address this issue by implementing national initiatives to promote digital literacy, combat misinformation, and foster a more inclusive and collaborative online environment. The new administration is also expected to strengthen the role of the media in shaping public discourse and promote media literacy. The U.S. government is expected to conduct a series of hearings on the issue, and the public is urged to engage in informed and respectful dialogue. The new administration is expected to work with Congress to pass legislation that addresses the challenges posed by the",6.409867763519287,"Hotels around the world are now hiring top designs to craft their uniforms .
Narcisco Rodriguez designed dresses for Park Hyatt New York hotel staff .
At Toronto's Shangri La Hotel, Sunny Fong was inspired by the Ming era .
London-based Nicholas Oakwell created a vintage look for the Rosewood ."
"Hattie Gladwell is a 19-year-old who has undergone a terrifying operation that left her with an ostomy bag, which she'll have to wear for the rest of her life. Now, the pretty redhead from West Sussex has shared her story with the world in a bid to rid the stigma around those living with a stoma and a bag. Her blog, ""Morethanyourbag.com,"" is a popular platform for those who want to get used to life with a stoma. She describes her experience with the surgery, the challenges she faced, and her thoughts on her new body. She has",5.496466398239136,"Hattie Gladwell was fitted with an ileostomy bag in January this year .
She had undergone emergency surgery for ulcerative colitis .
The 19-year-old  blogs about her life with her bag fitted to small intestine .
She reveals all about her sex life and the effect it has on her confidence ."
"*Harry Potter star Daniel Radcliffe has signed a contract with the British government to become a prominent actor. He has been working with the British government in various projects, including the British Library.
*Harry Potter star Daniel Radcliffe has also been contacted by the British government to discuss his future plans. He is looking to earn more money.
*Harry Potter star Daniel Radcliffe has announced that he will be stepping down from his role as a British Minister of the British Library.
*Harry Potter star Daniel Radcliffe has been known to be a somewhat unconventional character. He has been known to be a socialite, a businessman, and to have a penchant",6.3173158168792725,"Gulam Chowdhury stabbed victim Mohammed Afzal 20 times in March 2014 .
Chowdhury quoted verses of the Quran before stabbing him repeatedly .
Mr Afzal had been also involved with Choudhury's girlfriend Nargis Riaz .
Chowdhury was convicted of murder and will be sentenced on May 1 ."
"Article: LONDON, England (CNN) -- A French Foreign Minister has declared that France has had to prepare for the possibility of war against Iran over its nuclear program. The Foreign Minister, Bernard Kouchner, has a reputation for challenging convention and authority. A surprise appointment from the Socialist ranks to Nicolas Sarkozy's conservative government has been announced. The former UN Secretary General Boutros Boutros-Ghali has been known to declare: ""To change the law you sometimes have to break the law"". He was in his youth one of the leaders of the students revolt in France in May 1968.

Article:",5.152971029281616,"A Sydney woman has put up posters to find the man who lent his umbrella .
MissieSmile21 is 'actively looking' for the man with 'most beautiful smile'
The gentleman helped her cross a road during Tuesday nights' downpour ."
"NEW:  French Foreign Minister Bernard Kouchner has been sidelined by a surprise appointment from the Socialist ranks, the founder of Medicins Sans Frontiers, has been replaced by a young man named Daniel Radcliffe.  The appointment was made by President Bush, who has been working to prepare for a potential war against Iran. Kouchner is now under the care of Dana Perino, the White House press secretary, who is also serving as the head of the Red Cross. Kouchner has been a vocal critic of the US-led intervention in Iraq, although he has been taken aback by the reaction from the British government, who have been",5.539364814758301,"Millie Marotta's book, Animal Kingdom, features detailed line illustrations .
The £3.99 book is currently #1 on Amazon's Top 100 Books list .
The 36-year-old illustrator resides and works in Tenby, Wales ."
"The British government has announced that it will be taking a more cautious approach to the economy in the coming months, with a focus on reducing debt and increasing fiscal responsibility. The government has also announced plans to strengthen the NHS and tackle rising costs. The UK is expected to be facing a significant increase in the cost of living, with inflation expected to rise by 2%. The government is also aiming to reduce the NHS's staffing levels and ensure that all NHS staff are adequately paid. The UK government is also implementing a new national budget, aiming to reduce the deficit by 1% by 2024. The government is also emphasizing",9.846164226531982,"Labour's Liam Byrne left a memo for the incoming Coalition government .
The letter, left on Mr Byrne's desk, read: 'I'm afraid there is no money'
Treasury Secretary Danny Alexander has finally responded to the note .
Mr Alexander wrote: 'Sorry for the late reply, I've been fixing the economy'"
"New: Ryan Giggs has apologized to his brother, Rhodri, for the eight-year affair he had with his wife. His apology came nearly four years after bedding her for the last time. Ryan, 41, phoned Rhodri, 38, and the two brothers are now reconciling in an attempt to rebuild their relationship. Celebrity Big Brother star: Natasha Giggs had an eight-year affair with football legend Ryan Giggs . Reconciliation: Rhodri (left) and brother Ryan (right) have ended their four-year feud over the affair. A source told the Sun newspaper that 'Ryan rang Rhodri out of",5.2429518699646,"Ryan Giggs apologises for his eight-year affair with brother's wife .
Manchester United legend rang his brother out of the blue after four years .
Rhodri's wife Natasha aborted Ryan's baby just before marrying Rhodri .
Natasha and Rhodri attempted to stay together but divorced in 2013 .
Former footballer also had affair with Big Brother star Imogen Thomas ."
"Article: NEW: London, England (CNN) -- UK authorities have announced a renewed focus on international relations and human rights following a new government scandal. The investigation into the alleged theft of the safe deposit boxes at Hatton Garden Safe Deposit Ltd in London has been ongoing for over a year. The scandal has exposed a deep-seated issue of human rights, with the thieves reportedly involved in a series of attacks against individuals and organizations in the UK, including the British government, the police, and the media. The investigation is ongoing, with authorities seeking to uncover the motive behind the theft and the extent of the damage to the victims. The UK government",8.265517950057983,"Police say the thieves gained entry through the building's communal elevator shaft .
Police give no value of the amount taken in the heist in London's jewelry district .
There's no evidence of forced entry to the building, police say ."
"New: The ""Harry Potter"" star Daniel Radcliffe has gained access to a reported £20 million fortune as he turns 18 on Monday. He insists the money won’t cast a spell on him. Radcliffe's earnings from the first five Potter films have been held in a trust fund which he has not been able to touch. Despite his growing fame and riches, the actor says he is keeping his feet firmly on the ground. He has no plans to fritter his cash away on fast cars, drink and celebrity parties. ""I don't plan to be one of those people who, as soon as they turn ",7.0166850090026855,"Stuart Armstrong has backed Jackie McNamara to come good again .
McNamara faced a furious fan backlash recently amid woeful results .
Club have won once since Armstrong and Gary Mackay-Steven left .
Was also revealed that McNamara receives cut of transfer fees ."
"The British broadcaster, Harry Potter star Daniel Radcliffe, has been granted a break from his job as a television presenter. After a period of uncertainty, he has been allowed to take a leave of absence to pursue a new career in television. He has been offered a new role at the television station, which is currently the Fox Channel, which has been a significant source of his income. Radcliffe has been working on a new project for the Fox Channel, which is a reality show about a young boy named ""Jack."" He has also been involved in a new project, a reality show about a young boy named ""The Boy Jack"" who is struggling",6.420332431793213,"Police officer in Sand Springs, Oklahoma, shot Donald Allen on April 11 .
Brian Barnett, 25, killed Allen, 66, after man made threatening statements .
Bodycam footage showed Allen advancing with loaded, 22-caliber pistol .
Sand Springs Police Department turned findings over to Tulsa County DA .
Video was released after being recovered from a malfunctioning camera ."
"New: France has announced a government-wide lockdown of its capital city, Paris, to prepare for the possibility of war with Iran.
New: French Foreign Minister Bernard Kouchner has stated that France has been preparing for the possibility of war with Iran, but he has not yet announced a specific date for a full-scale military operation.
New: French media outlets have reported that France is preparing to deploy a special forces unit to the capital city of Paris to help with the potential conflict.
New: French officials have been investigating the case of a security breach at a French airport, which they claim was likely initiated by a foreign",5.926808595657349,"Prosecutors have called more than 100 witnesses to testify .
Defense team expected to wrap up within a day or two .
The 15 jurors could be sent out early next week to deliberate .
Hernandez has pleaded not guilty to shooting dead Odin Lloyd ."
"New: French Foreign Minister Bernard Kouchner has publicly stated that France has been preparing for the possibility of war against Iran. However, he has not been expected to be a soft-soaper on the diplomatic scene. French foreign minister Kouchner has a reputation for challenging convention and authority. A surprise appointment from the Socialist ranks has been made to Nicolas Sarkozy's conservative government. The former UN Secretary General Boutros Boutros-Ghali has also been appointed as a new foreign minister, the first foreign minister to visit Iraq since 1988. The vice president of the American Red Cross, Paul Jackson, has been",5.844809532165527,"Started dating in July 2014, two months after her split from ex-husband .
Second wedding for Nikki following previous marriage to Paul McDonald .
Tied the knot in romantic ceremony in Santa Monica mountains .
Guests included Lea Michele and her boyfriend Matthew Paetz ."
"NEW: The world's largest and most powerful physics experiment is taking place as you read this. The Large Hadron Collider (LHC), a particle accelerator and the largest machine in the world, is ready for action following a two-year shutdown. After problems that delayed the restart in March, scientists at the European Organization for Nuclear Research (CERN) completed final tests, enabling the first beams to start circulating Sunday inside the LHC's 17 mile (27 km) ring. ""Operating accelerators for the benefit of the physics community is what CERN's here for,"" CERN Director-General Rolf Heuer said on the organization",5.313752174377441,"The Large Hadron Collider (LHC) begins again after a two-year shutdown .
The restart was delayed in March ."
"The French Foreign Minister has stated that France has a responsibility to prepare for the possibility of war against Iran. The decision to prepare for war with Iran is based on the belief that Iran's nuclear program is a significant threat to France, and that the US has a responsibility to prevent the spread of nuclear weapons.

Article: The French Foreign Minister has been advised by the French Foreign Ministry to prepare for the possibility of war against Iran. The decision to prepare for war with Iran is based on the belief that Iran's nuclear program is a significant threat to France, and that the US has a responsibility to prevent the spread of nuclear weapons.",5.435817718505859,"Teenage suicide bomber Abu Hafs al Badri is referred to as the cousin of ISIS leader Abu Bakr al-Baghdadi .
In January, a 14-year-old fighter Abu Hassan al-Shami, blew himself up in Salahuddin province, Iraq .
The rise in ISIS teenage suicide bombers could indicate how much the jihadi group is struggling to keep territory ."
"The UK's government is facing a significant challenge as it navigates the complexities of a rapidly changing political landscape. Amidst the challenges, the UK government is facing increasing pressure from various groups, including the Conservative Party, the Liberal Democrats, and the United Front. The government is responding to the growing concerns of voters, particularly those who are dissatisfied with the performance of the Conservatives and the perceived lack of progress in the Scottish Parliament. The government is also grappling with the increasing number of political parties, including the Scottish National Party, and the challenges posed by the Brexit referendum. The government is facing a range of policy options, including a transition to",7.123018980026245,"Scottish First Minister said Mr Miliband simply 'won't have the votes'
She reiterated her call for Labour to 'work together to lock the Tories out'
Mr Miliband this morning insisted he would not make any deals with SNP .
Labour is expected to suffer heavy losses in Scotland - where it has 41 MPs ."
"The United States government is investigating allegations of a potential foreign intervention in Iran's nuclear program. The investigation is ongoing, with the Department of Defense and the Department of State officials agreeing to cooperate. The investigation is expected to take several months, with the possibility of further developments in the coming weeks. The investigation is being conducted by the State Department and the Department of State. The investigation is expected to focus on the potential for a nuclear-armed Iran to develop a nuclear-weapon capable of striking the United States. The investigation is also expected to include potential investigations of any potential violations of international law and treaties. The state department has stated that the",8.675710916519165,"Mr Yuan was in the accident on March 24 and has been in hospital since .
One girl had been dating him for nine years and another had a son with him .
Police have now launched an investigation into allegations of fraud ."
"*   French Foreign Minister Bernard Kouchner has told France to prepare for possibility of war with Iran.
*   Kouchner's statement is not conventional diplomatic behavior.
*   French foreign minister has a reputation for challenging convention and authority.
*   A surprise appointment from the Socialist ranks to Nicolas Sarkozy's conservative government has always challenged convention and authority.
*   The first French Foreign Minister to visit Iraq since 1988 is said to be a new figure.
*   The founder of Medicins Sans Frontiers, also a French student leader in May 1968, was also arrested",5.250201940536499,"England start their three Test series against West Indies next Monday .
Stuart Broad is backing captain Alastair Cook to score big runs in series .
Bowler admits he is sorry to see Paul Downton leave role in ECB ."
"*   The US government is reportedly preparing for a potential war against Iran over its nuclear program.
*   The US intelligence agency has been engaged in a conflict with Iran, engaging in joint operations with the United States.
*   The US has been investigating the alleged plot to reveal the materials used in the nuclear reactor.
*   The government has been working to secure the release of the journalists arrested in Chad.
*   The US has also been investigating the case of Zoe's Ark, a non-profit organization that sends medical supplies to war zones and places them with families in France.
*   The US has issued",7.767017364501953,"Kai Windsor knew from  three that he had been born in the wrong body .
By four he wouldn't wear dresses and by six he wanted to cut his hair short .
Kai came out at school as a transgender and is now referred to as a boy .
At age of 10 he is set to undergo hormone treatment to halt puberty ."
"The British Parliament has announced that the Prime Minister is not a vocal critic of the Iranian nuclear program, but instead has a ""high opinion"" of it. This statement was made in a televised address, and the Prime Minister has stated that he is not seeking a new leader. The statement, made by the Prime Minister, was made in response to the allegations of a ""high opinion"" of the Iranian nuclear program. The Prime Minister stated that he is not seeking a new leader, and that he is not seeking a new appointment. The Prime Minister stated that he is not seeking a new leader, and that he is not seeking a new appointment",5.9385435581207275,"David Cameron revealed that the London Mayor had seen him as a rival .
PM said Mr Johnson 'suddenly realised' his competition was elsewhere .
Comes after he named Johnson, Osborne and May as potential successors .
Mr Cameron also admitted Bullingdon Club past 'cripplingly embarrassing'"
"New: French Foreign Minister Bernard Kouchner has been suspended from his position as Foreign Minister after a controversial statement made by the French Foreign Minister regarding Iran's nuclear program. Kouchner's statement was met with strong criticism from the international community and the European Union, who condemned the statement as a violation of international law and a threat to the security of the region. However, the French Foreign Minister has denied any wrongdoing and stated that he is not in any political position to make such statements. The statement was made during a period of heightened tensions between Iran and the United States, with both countries expressing concerns about Iran's nuclear program",7.219599723815918,"Joseph Getty, 26, drove his Range Rover through Belgravia while drunk .
He has been banned from driving for 20 months and fined £1,000 .
Getty is the son of Getty Images founder and great-grandson of oil baron ."
"*   Harry Potter star Daniel Radcliffe has now turned 18 on Monday, making him the age of 18 on the Hogwarts Crest.
*   The young actor has no plans to fritter his money away on fast cars, drink and celebrity parties.
*   He has no plans to be a ""kid star"" and will be able to buy a casino, drink in a pub, and see the horror film ""Hostel: Part II.""
*    Radcliffe's earnings from the first five Potter films have been held in a trust fund which he has not been able to touch.
*   Despite his growing",5.5943028926849365,"Sarah Stage, 30, welcomed son James Hunter into the world last Tuesday .
The baby boy weighed eight pounds, seven ounces and was 22 inches long .
During her pregnancy Sarah was criticized for her trim figure and abs ."
"The world of film is getting a whole new look with the release of a new movie, ""The Price of Everything."" Starring the iconic actor Daniel Radcliffe, the new film promises to be a visually stunning and emotionally resonant experience. The film is set in a world where reality is malleable and people can choose to break the rules. The story follows a young boy who discovers he can manipulate objects and experience a reality that is both beautiful and terrifying. The film explores themes of technology, identity, and the power of choice. It's a thrilling and imaginative adventure that will keep audiences engaged for weeks to come.

Article: LONDON, England (",6.043045997619629,"More than 400 items from Rick Baker's Cinovation studio will be auctioned .
Artist has worked on hits like Men In Black, Batman Forever and Gremlins .
Baker worked on Michael Jackson's Moonwalker film and Thriller video .
This is first time these items from 64-year-old's collection open to public .
Auction will be held in Los Angeles, California, on May 29 and also online ."
"The French Foreign Minister Bernard Kouchner has stated that France must prepare for the possibility of war with Iran. The announcement was made by the French Foreign Minister, Tony Snow, who has been undergoing treatment for cancer. The news has been met with disappointment by many in France, with some describing the announcement as a surprise appointment. Snow has stated that he will have no plans to fritter his money away on fast cars, drink and celebrity parties. He has also stated that he will continue to speak out on issues and do ""some radio, some TV, but I don't anticipate full-time anchor duties."" The French Foreign Minister has",5.826662540435791,"Joseph O'Riordan, 73, stabbed wife eight times after discovering her affair .
She was left with life-threatening injuries to her torso, chest, arms and back .
Yesterday Brighton Crown Court heard about deal he was ready to offer her .
He had told friend about the idea while in the pub just days before stabbing ."
Article:,0.15302753448486328,"LA Angel Josh Hamilton filed for divorce from Katie two months ago .
Was around the same time he admitted to a drugs and alcohol relapse .
Reality star insisted there was no 'big fight or blow up' causing the split .
Has maintained she still loves him and will always stand by him ."
"The London Stock Exchange is experiencing a surge in trading activity, with the number of shares traded increasing by 20% in the last week. The market is characterized by a mix of short-term and long-term trading, with significant fluctuations in price volatility. The reasons for the surge are attributed to a combination of factors, including the increasing availability of new stock options, the increased demand for gold and other precious metals, and the broader economic climate. The exchange is expected to continue to operate with a robust trading platform, allowing for efficient and timely trading of securities. The exchange is also expected to increase its investment in research and development,",6.018504619598389,"Olivia, 28, has teamed up with luxury British brand to create £995 bag .
Comes with built-in phone charger and all proceeds will go to charity .
Pippa Middleton, Kim Sears and Mollie King are fans of luxury brand ."
"New York City FC manager Jason Kreis is starting the season with a patchy start to the season, facing the pressure of a recent season that started with a series of inconsistent performances. However, the pressure is gradually easing as the team's performance continues to improve. The New York City FC team has won just once in their first 10 games, leaving them with a disappointing record. Despite the pressure, the team is focused on improving their form and finding a way to make a positive impact on the game. The team is struggling to find consistent players and is having difficulty in finding a new starting player. City FC is looking to improve their",5.76811671257019,"New York City FC's patchy start to the season continued .
Mehdi Ballouchy put the home side ahead but CJ Sapong levelled late on .
City have won just one of their opening six matches in MLS .
David Villa was forced off at half time with a hamstring strain ."
"News:  France is preparing for a potential war with Iran, with a significant number of children being involved. The French Foreign Ministry has announced that France is prepared to provide support to Iran, while also criticizing the aftermath of the Iranian nuclear program. The French Foreign Ministry has also stated that the countries that have been involved in the Iran nuclear program are not obligated to provide assistance to France. The French Foreign Ministry has also stated that the countries that have been involved in the Iran nuclear program are not obligated to provide assistance to France. The French Foreign Ministry has also stated that the countries that have been involved in the Iran nuclear program are not obligated to",11.420268535614014,"Andrea Pirlo scored a stunning free-kick for Juventus against Torino .
However, Juve fell to a 2-1 defeat and missed the chance to wrap up their fourth consecutive Serie A title .
Despite the loss, Juve remain 14 points clear at the top of the league table .
Pirlo is still playing at the top of his game at 35-years-old ."
"New: A newborn baby girl was found in an amusement arcade in Southport, Merseyside, on April 16th. The girl, named April by staff at the Ormskirk hospital, was found with a pink playuit. The baby was delivered at Silcock's Amusement Arcade in Nevill Street, Southport. The mother of the baby was discovered at the arcade on Neville Street, Southport last night. The police had released an image of the baby. A CCTV image of a woman they were looking to trace was taken after a newborn baby was found at Silcock's Amusement Arcade, on Neville Street, Southport last night. The",5.469203948974609,"Arcade staff discovered the baby girl in the disabled toilets last night .
The newborn was taken to hospital and is described as 'safe and well'
The baby has been named April by staff at Ormskirk Hospital in Southport .
Police say the mother has been found and is receiving medical treatment ."
"The French Foreign Minister Bernard Kouchner has announced that France will be preparing for the possibility of war against Iran. The news was not expected to be a soft-soaper on diplomatic behavior. However, Kouchner was not expected to be a soft-soaper on the diplomatic scene.
The French Foreign Minister Bernard Kouchner has a reputation for challenging convention and authority. A surprise appointment from the Socialist ranks to Nicolas Sarkozy's conservative government has always challenged convention and authority.
The former UN Secretary General Boutros Boutros-Ghali once called Kouchner 'an unguided missile' and the man himself has",5.37867546081543,"Gavin Tobeck of Washington was attacked by one-and-a-half-year-old Smash while in his backyard on April 1; he was released late on Tuesday .
During the attack, his mother's friend dumped a cup of hot coffee on the dog to get him to release his grip on Gavin .
The boy suffered from a broken cheekbone, jaw and nose bridge and lost five baby teeth and three permanent tooth buds .
Smash is scheduled to be euthanized on Saturday by Thurston County Animal Service ."
"News: New attack on the Australian military on the site of the Aydet Military Museum.
New: French Foreign Minister Bernard Kouchner's declaration that France had to prepare for the possibility of war against Iran.
New: A surprising appointment from the Socialist ranks to Nicolas Sarkozy's conservative government.
New: The first French Foreign Minister to visit Iraq since 1988.
New: Founder of Medicins Sans Frontiers, also French student leader in May 1968.

Article: LONDON, England (CNN) -- The British government has announced a plan to prepare for the possibility of war",6.359969854354858,"SBS sports journalist Scott McIntyre made the comments on the 100th anniversary of the Gallipoli campaign .
He accused Anzac's of war crimes and mocked their bravery .
Outraged social media users launched the hashtag #sackScottMcIntyre .
Minister for Communications Malcolm Turnbull called the comments 'inappropriate' and 'despicable' and called for their condemnation ."
"Article: LONDON, England (CNN) -- A French Foreign Minister has announced that France has had to prepare for the possibility of war against Iran over its nuclear program. The statement was made in a press conference held earlier today. The French foreign minister, Bernard Kouchner, stated that France had to prepare for the possibility of war with Iran over its nuclear program. He emphasized that France would not be a soft-soaper on the diplomatic scene. However, Kouchner also mentioned that France had to prepare for the possibility of war with the United States. The French foreign minister's statement was made in response to the controversy surrounding the",5.510087490081787,"Rory McIlroy is favourite to win the 79th Masters at Augusta National .
Bubba Watson is the defending champion and chasing a third Masters win .
Tiger Woods returns to action but has no form and worries over his game .
Jason Day and other big-hitters look set for strong week at Masters 2015 .
COURSE GUIDE: McIlroy and more stars take you round Augusta National .
CLICK HERE for the Masters 2015 leaderboard ."
"Article: France Foreign Minister's statement about Iran's nuclear program is being met with strong reactions from the United States, the UK, and other countries. The statement was made by French Foreign Minister Bernard Kouchner during a press conference on Wednesday. The statement was made by Kouchner, who is under intense scrutiny regarding Iran's nuclear program. The statement was made by a French Foreign Minister, who is under intense scrutiny regarding Iran's nuclear program. The statement was made by a French Foreign Minister, who is under intense scrutiny regarding Iran's nuclear program. The statement was made by a French Foreign Minister, who is",5.386471748352051,"Wayne Rooney tells Juan Mata 'every day' England can win Euro 2016 .
Mata was voted Manchester United's player of the month for March .
Manchester United take on Aston Villa in the Premier League on Saturday ."
Article:,0.129380464553833,"Tim Sherwood saw Aston Villa go behind twice before clinching a point in Tuesday's 3-3 draw with QPR .
Christian Benteke scored a hat-trick for the home side as the  relegation strugglers shared the points at Villa Park .
Villa have six  games to secure Premier League safety - including trips to Man City, Tottenham and Southampton ."
"The Chelsea manager is pleased with his team's performance in the Premier League, especially their recent success in their home match against Stoke. The manager is confident that they will be able to win the match, especially with the injury to the striker. The Chelsea manager is also pleased with the recent results of the team's recent Premier League matches. Chelsea has won 10 and lost only one of the 13 Premier League matches with Stoke City. Chelsea has lost three Premier League matches without scoring in each of their last four and drew three of them. Chelsea has won 10 and lost just one of the 13 Premier",9.817866563796997,"Diego Costa to be given late fitness test following hamstring injury .
John Obi Mikel will not be included despite recovering from knee injury .
Jon Walters expected to shake off a calk knock for Stoke City .
Marc Muniesa expected back after five games out with hamstring problem ."
"NEW: Harry Potter Star Daniel Radcliffe gets £20M fortune as he turns 18 Monday, but he insists the money won't cast a spell on him. Harry Radcliffe as Harry Potter in ""Harry Potter and the Order of the Phoenix"" to the disappointment of gossip columnists around the world. Daniel Radcliffe is 18, and he has no plans to fritter his cash away on fast cars, drink and celebrity parties. He says he doesn't plan to be one of those people who, as soon as they turn 18, suddenly buy themselves a massive sports car collection or something similar. Daniel Radcliffe as",5.512969017028809,"Michael Carrick impressed during England's draw with Italy last week .
But the midfielder has been ordinary in his nine competitive starts .
England won four of those -  Ecuador, San Marino, Poland and Lithuania .
England bosses consistently preferred Steven Gerrard or Frank Lampard ."
"*   The United States government is reportedly considering a ""deal"" with Iran, with the aim of potentially triggering a nuclear arms race.
*   The US government has been pushing for a ""deal"" with Iran, with the goal of triggering a nuclear arms race.
*   The US government has been pressing for a ""deal"" with Iran, with the goal of triggering a nuclear arms race.
*   The US government has been pressing for a ""deal"" with Iran, with the goal of triggering a nuclear arms race.
*   The US government has been pressing for a ""deal"" with Iran, with the goal",5.844451427459717,"Paul Johnson-Yarosevich, 34, has been charted with prohibited use of a computer ."
"New: French Foreign Minister Bernard Kouchner has announced that France has to prepare for the possibility of war against Iran over its nuclear program. Was a surprise appointment to Nicolas Sarkozy's conservative government.

Article:
London, England (CNN) -- France Foreign Minister Bernard Kouchner has stated that France will have to prepare for the possibility of war against Iran over its nuclear program.

News:
*   A French NGO, the Zoe's Ark, has been involved in the rescue of children in war zones and places them with families in France.
*   The Red Cross, UNHCR and UNICEF, have stated that",5.374670028686523,"Luke Shambrook was last seen leaving Candlebark Campground on Friday .
There has been an unconfirmed sighting of Luke with police acting quickly .
The 11-year-old was reportedly seen walking 4 kms from his campsite .
Police remain hopeful they will find Luke, who has 'high pain tolerance'
Luke has limited speech and his family says he is probably confused .
A large search is being carried by a medley of search and rescue teams .
Police also said conditions are favourable for his survival overnight .
They have issued an extensive description of Luke and his clothing ."
"New: Harry Potter star Daniel Radcliffe has gained access to a reported £20 million fortune as he turns 18 on Monday, but he insists the money won't cast a spell on him. Harry Potter, 18 years old, has turned 18 on Monday. He said he's no plans to fritter his cash away on fast cars, drink and celebrity parties. He doesn't plan to be one of those people who, as soon as they turn 18, suddenly buy themselves a massive sports car collection or something similar. He doesn't think he'll be particularly extravagant. He says",6.08049464225769,"Arsene Wenger called for the competition to be scrapped last year .
And Jose Mourinho is in agreement with his great Premier League rival .
The Chelsea boss said: 'Wenger is against the Ballon d’Or, and  he’s right'
They are seven points ahead of Arsenal with a game in hand .
Mourinho: I have a problem, I am getting better and better ."
"NEW: French Foreign Minister Bernard Kouchner has declared France has to prepare for the possibility of war with Iran. Was a surprise appointment to Nicolas Sarkozy's conservative government. Also the first French Foreign Minister to visit Iraq since 1988. Founder of Medicins Sans Frontiers, also French student leader in May 1968.

Article: LONDON, England (CNN) -- The US Department of Defense has announced that the US military has been given the authority to deploy troops to Iraq, a move that has been met with significant resistance from the Iraqi government. Sources say the US military has been in contact with the",5.534212112426758,"John Carver insist he's enjoying the Newcastle job despite his results .
The 50-year-old believes he's getting the best out of the players .
Newcastle have won just twice since Carver took charge at the club .
CLICK HERE for all the latest Newcastle United news ."
"New: French Foreign Minister Bernard Kouchner has been appointed as the new Foreign Minister of France.
New: French Foreign Minister Louis-Amour de la Barrière has been appointed as the new Foreign Minister of France.
New: French Foreign Minister Jean-Pierre Dubois has been appointed as the new Foreign Minister of France.
New: French Foreign Minister Sophie Leclerc has been appointed as the new Foreign Minister of France.
New: French Foreign Minister Pierre Dubois has been appointed as the new Foreign Minister of France.
New: French Foreign Minister Marie-Agnes Peleran has been appointed as the new Foreign Minister of France.",5.396889925003052,"Vulcan plans to use new engines, mid-air recovery and new upper stage .
Engines will separate after launch and be picked up by helicopter mid-air .
Reusable rockets could end US dependence on Russian rocket engines .
SpaceX today also attempted to prove that reusable rockets are viable ."
"New: McDonald's employee has reportedly assaulted a 16-year-old worker at the fast food chain. Amy Johnson, from Sydney, reportedly assaulted a 16-year-old worker by the neck and scratched her face. The manager of the fast food chain was called to the scene. The woman was a passenger in a BMW when she went through the drive-through at Stanmore in Sydney's inner west on March 17 at 6.10pm. The assault reportedly happened after a McDonald's order went wrong. The young female employee asked the driver to pull into the waiting bay while a",5.762925386428833,"Woman charged with assault after attacking 16-year-old McDonald's worker .
Amy Johnson, 38, said the fries had fallen out of their containers .
McDonald's worker used her hands to put them back in the packet .
Johnson ordered new ones and grew angry, going inside the store .
Police have said Johnson aggressively grabbed the teen around the neck .
She stayed silent through today's court proceedings and didn't enter a plea .
She spoke outside court saying the teenager called her a 'dog'"
"The head of the Djibouti Humanitarian Organization (DHO), a non-profit organization, has been appointed as the head of the Djibouti Humanitarian Affairs Council (DHAC). The appointment was made by the President of Djibouti, Abdel Fattah al-Read, who was appointed in recognition of his commitment to supporting the government's efforts to improve the lives of the people of Djibouti. The DHO, a non-profit organization, is dedicated to providing humanitarian assistance to the people of Djibouti, including providing shelter, food, and healthcare. The DHO's mission is to help people escape into the refugee camps, offering them a chance to return",6.071222543716431,"For 25 years, Ali Addeh refugee camp has been a holding point for those fleeing into Djibouti .
Many come from Somalia, Ethiopia and especially Eritrea -- which is ruled by a one-party state .
Despite the risks, Eritrean refugees say they'd risk their lives with people smugglers ."
"New: French Foreign Minister Bernard Kouchner has been indicted on charges of poisoning with a cyanide-based substance.
New: Roy Lynn Oakley is charged with attempted murder.
New: Facility's role is to break down decommissioned equipment.
New: Lawyer: Oakley's job was to break down machine parts into pieces, pitch them.
New: Spain's flight crew is accused of being involved in the poisoning.
New: Belgian journalists, a seven-member Spanish flight crew, and one Belgian were arrested.
New: Representatives of journalists and flight crew said they were unaware of the problems with Zoe's",5.266303539276123,"John Pat Cunningham, 27, was shot dead by the Army in a field in 1974 .
British government later apologised and investigation re-opened this year .
Dennis Hutchings appeared in court today and was released on bail .
He was arrested in England and taken to Northern Ireland for questioning ."
"New: France has announced a possible war with Iran over its nuclear program.
NEW: Roy Lynn Oakley appears in court after surrendering.
NEW: United States has decided to prepare for potential war against Iran.
Article: LONDON, England (CNN) -- United States Treasury Secretary Janet Yellen has declared that France has to prepare for the possibility of war against Iran. Yellen stated that France's nuclear program is a ""significant and potentially dangerous"" threat. United States intelligence agencies have confirmed that France has a strong and credible nuclear program, including the discovery of a uranium enrichment facility. Yellen also stated that France has a """,6.580890417098999,"UEFA have ordered the final 18 seconds of the qualifier to be replayed .
England will resume the match against Norway from the penalty spot .
The Elite Round qualifier resumes in Belfast on Thursday at 9:45pm .
Referee Marija Kurtes incorrectly awarded an indirect free-kick to Norway for encroachment after disallowing England's penalty on Saturday .
England were 2-1 down to Norway at the time in the 96th minute .
German Kurtes, 28, has been sent home following her error .
Three Lions earn 3-1 victory against Switzerland meaning a 2-2 will be enough for European Championship qualification .
Norway beat Northern Ireland 8-1 to keep things tight in Group 4 .
It is the first time ever that a decision like this has been taken by UEFA .
Watch VIDEO below of the controversial penalty incident .
READ: Graham Poll's expert verdict on UEFA's bizarre decision ."
"NEW: France's nuclear program has been a major controversy, with leaks from the East Tennessee Technology Park raising questions about the security of nuclear materials and the potential for a nuclear weapon to be used in a terrorist attack. The government has called for an immediate halt to all international adoptions. The International Red Cross Committee has announced that the children are living with their families. The U.N. High Commissioner for Refugees and UNICEF have stated that most of the children are living with their families before Zoe's Ark took them. The charity stated that the children were Sudanese orphans that it was trying to rescue from a war-torn nation. The",5.699223756790161,"Miliband’s approach was as choreographed as a Torville and Dean routine .
Cameron kept firm hand on the leadership rudder and made no mistakes .
Clegg's smooth performance was a complete re-run of his 2010 routine .
Farage was diminished during debate, perhaps the night's only casualty .
Sturgeon, Wood and Bennett took him down with series of small swats .
Sturgeon’s speech about ‘breaking up old boys network' finished off coup ."
"The article provides a rundown of the recent events in the United States, focusing on the effects of the recent hurricane and the ongoing investigation into the alleged involvement of Iran. The article includes a summary of the main events and a brief overview of the key findings.

Article:
The United States government is facing a growing crisis of national security. The government has been working to address the challenges posed by the recent hurricane and the ongoing investigation into the alleged involvement of Iran. The article discusses the role of the US government in addressing these challenges, including the use of the US military to counter Iran's nuclear program, the development of new nuclear capabilities",5.987024784088135,"In the midst of the worst storm in New South Wales in a decade people got creative with their Photoshopping skills .
While there were many genuine dramatic photos of the devastation caused, the fake ones also caused confusion .
The more unbelievable Photoshop jobs included a photo of Noah's ark majestically cruising into Sydney Harbour ."
"LONDON, England (Reuters) -- The British government has announced a new set of guidelines for the construction of new buildings, including a new set of regulations for the use of public transport. The government's announcement has been met with widespread support and calls for increased investment in public transport. The new guidelines are aimed at improving the efficiency and safety of public transport systems, particularly in areas with high population density. The government is proposing several measures to address concerns about the potential impact of new transport infrastructure on local communities. The government has already announced a new set of regulations for the use of public transport, including improved signage, reduced road traffic, and",5.891237497329712,"Man United will pay their staff at least £7.85 an hour from July .
Premier League clubs will pay their staff living wage from next season .
Chelsea became the first professional club to enforce new ruling .
Manchester City are also committed to paying living wage ."
"New: Tommy Connolly hadn't seen his teenage cousin in 10 years when she added him on Facebook out of the blue in December. The 23-year-old Sunshine Coast University student was enjoying semester break and training hard in the hope of one day representing Australia as a champion sprinter. He messaged his 17-year-old cousin Angela* (name has been changed for legal reasons) to see how she was doing and soon found out she was homeless, illiterate and 32 weeks pregnant. Mr Connolly picked her up from where she was sleeping rough on the Gold Coast, let her move into his flat",5.371885538101196,"Tommy Connolly hadn't seen his teenage cousin Angela* in 10 years .
In December she told him she was homeless and 32 weeks pregnant .
The 23-year-old uni student told her to move in with him and supported her .
Now Mr Connolly, who lives on the Sunshine Coast, is helping raise her four-week-old baby boy ."
"New:  The British government has announced that France will be required to prepare for a potential nuclear war with Iran. The announcement was made by the head of the Department of Defense, General Robert Franks, in a press conference earlier this morning. The announcement has been met with widespread criticism from the public, with many calling for a nuclear arms race and a renewed focus on nuclear deterrence. The announcement has been met with strong opposition from both the public and the military, with strong statements from both sides, emphasizing the need for a ""strategic arms race"" and a commitment to nuclear disarmament.

Article:  The United States has announced that the United",6.953233242034912,"Two Mesquite, Texas police officers pulled Hector Valles, 25, from his burning SUV early Sunday after he swerved off the highway and crashed .
Officers Ryan Nielson and Autumn Soto managed to get Valles to safety just before his vehicle became fully engulfed .
Valles, whose clothes were burning when the officers dragged him to safety, is now recovering from burns and internal injuries in ICU ."
"New: French Foreign Minister Bernard Kouchner has revealed that France has to prepare for the possibility of war with Iran.
New: Roy Lynn Oakley appears in court in Tennessee after surrendering.
New: Facility's role is to break down decommissioned equipment.
New: Lawyer: Oakley's job was to break down machine parts into pieces, pitch them.
New: Royal family has been interviewed about the possibility of war with Iran.
New: The American Red Cross, UNICEF, UNHCR, and the United Nations International Red Cross have contacted children who are suffering from child trafficking and abandonment.
New: The RSPCA",5.27101731300354,"Increasing costs mean few owners can keep up with looking after a horse .
With dwindling buyers more horses than ever are being abandoned .
Last year, the RSPCA alone took in 1,500, many of them family pets ."
"The UN Secretary-General, António Guterres, has announced that France has been urged to prepare for a potential arms race with Iran over its nuclear program. He stated that France has been preparing for a ""potential arms race"" with Iran, and that France will be ""unacceptable"" to the United States in a nuclear-armed state. The Secretary-General emphasized that the US is not going to be a major military ally of Iran. He also stated that the US will be obligated to provide arms to Iran if it is threatened by a nuclear-armed Iran. Mr. Guterres stated that France is not a major ally of",6.439657211303711,"Faysal Mohamed, 17, pulled over along with two friends in Minneapolis .
The teens managed to film threatening language used by Officer Rod Webber .
Claim the officers trained their guns on the teenagers but let them go without charge ."
"The Ibrox Board has confirmed that the club's trademark and badge are still in possession of Sports Direct. While the trademarks are registered in Sports Direct's name, the position is not as alarming as it may first appear. The club has stated that the rights to the trademark and badge are in the possession of the club, and the club will be returning the rights when the loan facility is repaid. This is a common practice of many banks and lenders.
*Copyright 2007 Reuters. All rights reserved.

The article is a summary of the news related to the Ibrox Board's decision to re",6.541687250137329,"The Ibrox board last week launched a probe into claims Mike Ashley’s firm had taken ownership of intellectual property .
They are satisfied the position stems solely from the security attached to the loan from Sports Direct .
‘Although the trademarks are registered in Sports Direct’s name, the position is not as alarming as it may first appear,' a statement said ."
"*   French Foreign Minister Bernard Kouchner has stated that France has been preparing for the possibility of war against Iran.
*   The French foreign minister stated that France has been preparing for the possibility of war with Iran.
*   He described France's strategy as ""unacceptable,"" stating that a nuclear-armed Iran would be ""unacceptable"" and described the stand-off over its nuclear program as ""undoubtedly the most serious crisis before us today.""
*   He emphasized that France is not taking the view once expressed by President Chirac that a nuclear-armed Iran might be inevitable.
*   He criticized the",6.554323434829712,"Emir Spahic appears to aim punches and headbutt at stewards in video .
His Bayer Leverkusen team lost on penalties against Bayern Munich .
Bosnian and his friends became involved in a disagreement with staff .
Police are now set to investigate the fighting and Spahic faces a ban ."
"The British Broadcasting Corporation (BBC) has announced a new statement regarding the alleged poisoning of a child in the UK. The statement, released this morning, claims that the child was poisoned with cocaine, tramadol, and mirtazapine, which are all known to be addictive and can be harmful to the developing brain. The BBC alleges that the child was poisoned in a hospital setting, and that the poison was administered to her by a nurse. The statement claims that the child was found in the hospital, and that the nurse was not present. The BBC has stated that the child was found in the hospital, and that the nurse was present",5.798495531082153,"Infant, known as Mary, was also found with two other drugs in her system .
She was discharged from hospital despite her parents being drug users .
The family from Liverpool were already well-known to local social services .
Came amid concerns about alcohol abuse, domestic violence and neglect ."
"A restaurant customer in Tijuana was left horrified after witnessing staff butchering a dog to be served up as a pork dish on the menu. The authorities have closed a total of six Chinese restaurants in the local area since local police raided the Lo Yen City restaurant in southern Tijuana after a tip-off from the disgusted client. The customer called in the cops after witnessing kitchen staff killing the dog, later intended to be served up masquerading as pork in the next chow mein. The restaurant, which advertises the quality of its 'home-style food' claims never to have received complaints of using dog meat before. The owner, while handcuffed in the",5.230125665664673,"Customer witnessed dog being butchered at Lo Yen City restaurant .
It was killed to be served as a pork dish, it has been alleged .
Police raided the restaurant and arrested five people, including the owner .
Officials on the scene discovered a decapitated puppy in a rubbish bin ."
"The British government has been urged to prioritize international cooperation in combating the spread of the coronavirus. The British government has announced a new set of guidelines for the UK's response to the virus, including measures to reduce the number of people testing positive, to control the spread of the virus, and to protect the health of the public. The government has also stressed the importance of international cooperation to prevent the emergence of new variants of the virus. The British government has announced a new policy for the UK to be a ""COVID-19 safe haven"" for countries that are ready to cooperate with the UK. The UK has already implemented a range of",6.8450915813446045,"Paddy Morrall noticed image after wood was left in rain for several hours .
31-year-old said he was not normally a religious guy but it was Easter ."
"* The British government has announced its intention to use the US nuclear program to test Iran's nuclear capabilities.
* A group of journalists, a flight crew, and a Belgian reporter have been involved in an investigation into the alleged plot to reveal the materials and the potential use of the program.
* The team is expected to be released on Wednesday, but the timeline is uncertain.
* The investigation will likely be complex and require significant resources.
* The government has been trying to negotiate with Iran to stop the nuclear program.
* There are concerns about the potential impact of the program on the United States and the world.
",6.362307786941528,"What do funeral strippers, a quadruple rainbow and Kylie Jenner have in common? They all trended this week!"
"New: France will offer £50 million for in-demand Juventus midfielder Paul Pogba, and plan to let him stay in Italy for a year on loan. Spanish press reports indicate Chelsea are their only rivals for the Frenchman's signature. Pogba is one of Europe's most in demand young talents but Spanish paper SPORT say that the leaders in La Liga and the Barclays Premier League are the only two viable destinations for the 22-year-old Frenchman. With Barcelona currently under the restrictions of a FIFA-imposed transfer ban until the January window, Pogba would have to be loaned back to Juve until the 2016-",5.379014492034912,"Spanish paper SPORT say Barcelona want to sign Juventus' Paul Pogba .
La Liga leaders are thought to be offering £50million for the midfielder .
Real Madrid are looking to win their last 10 games to overtake Barca ."
"New: French Foreign Minister is set to be appointed as a high-ranking advisor in the Department of the Interior.
New: French Foreign Minister Bernard Kouchner has been appointed as the new Foreign Minister of France.
New: The first French Foreign Minister to visit Iraq since 1988.
New: French Foreign Minister, Bernard Kouchner, has been appointed as the new Foreign Minister of France.
New: The founder of Medicins Sans Frontiers, also a student leader in May 1968, has always challenged convention and authority.
New: The UN Secretary General Boutros Boutros-Gh",5.848103284835815,"Anthony Mann admitted killing his wife Janet who suffered from dementia .
Court heard how she begged for him to bring her suffering to an end .
He stabbed her in the chest after she became distressed at their home .
After stabbing her, Mann, 78, kissed his wife and told her: 'I love you'
Mann pleaded guilty to amended charge of manslaughter with diminished responsibility ."
"The United States is facing a new crisis: the threat of Iran nuclear program. The US Secretary of Defense, Robert Thompson, has announced that France has been asked to prepare for possible war with Iran. The article reports that the US Secretary of Defense has given France a significant amount of money to prepare for this potential war, including a substantial portion of its military budget. The article also mentions that the US is also considering developing a new counterterrorism strategy to address the threat of Iran. The article also mentions that the United States is planning to deploy a special forces force to counter Iranian attacks in the Middle East. The article also mentions that the United",8.479854345321655,"Meaghan Keeler-Pettigrew, Stuart Bradin: U.S. must rethink special forces .
United States is spreading foreign military assistance too thin, they say ."
"The United States Department of Justice has announced that France has been forced to prepare for the possibility of war with Iran. The announcement was made in a press conference held in Washington, D.C. on Friday, where President Bush stated that the United States would be ready to provide military assistance to Iran if it were to launch a nuclear weapon.

Article: France has been forced to prepare for the possibility of war with Iran.

Associated Press reports that the French Foreign Minister has been appointed to replace the previous French Foreign Minister, Bernard Kouchner, as the new Foreign Minister. The appointment was made in response to the prospect of a possible",5.366288900375366,"ISIS snatched dozens of girls after storming the town of Sinjar last August .
Taken to warehouse where they were lined up and hand picked by fighters .
Survivor says she shakes with fear when she sees 'someone with a beard'"
"Article: London, England (Reuters) -- French Foreign Minister Bernard Kouchner has said he will prepare for the possibility of war with Iran. He was never expected to be a soft-soaper on the diplomatic scene. French foreign minister has a reputation for challenging convention and authority. A surprise appointment from the Socialist ranks to Nicolas Sarkozy's conservative government has always challenged convention and authority. The former UN Secretary General Boutros Boutros-Ghali once called Kouchner 'an unguided missile' and the man himself has been known to declare: ""To change the law you sometimes have to break the law."" He was in",5.307607173919678,"Caroline Wozniacki took to Twitter to congratulate golfer Jordan Spieth .
Spieth won the first major of his career at the Masters in Augusta .
But fans were quick to question Wozniacki's motives following his win .
Many asked whether it was a dig at former fiancee Rory McIlroy .
CLICK HERE for more news and reaction to Masters 2015 ."
"New: British government is announcing a new measure to address the impact of Brexit on businesses. The government intends to tax businesses that have not been part of the EU without a tax band. This move is expected to be implemented by the end of the year.
New: The French government has announced a new policy to help businesses that have not been part of the EU. This policy will be implemented by the end of the year.
New: The French government will be conducting a national survey to assess the impact of Brexit on businesses. This survey will be conducted by the French government.
New: The French government is preparing to implement a",9.201420783996582,"Police worried about teen girl who has been missing since Friday afternoon .
Sally Gordon-Smith, 14, was last seen leaving her school near Melbourne .
Police confirmed she was still missing early on Saturday morning .
An image of Ms Gordon-Smith released in the hopes of finding her quickly ."
"The world of technology is facing a new challenge. The future of innovation is being shaped by the rise of artificial intelligence and the development of new technologies. While these advancements have brought immense potential, they also present new challenges, including the potential for job displacement and the need for ethical considerations. The article discusses the rise of artificial intelligence, the development of new technologies, and the impact of these advancements on various industries. It also explores the ethical implications of artificial intelligence, such as bias, transparency, and accountability. The article also touches upon the future of work, the evolving skills needed in the tech industry, and the potential for AI to automate tasks",7.246269702911377,"How To Be A Young Billionaire airs tonight on Channel 4 .
Documentary features Robyn Exton, who's launching a lesbian dating app .
Tech entrepreneur Josh Buckley attempts to save his shrinking fortune ."
"The article reports on a significant discovery in the area of the East Asia-New World trade corridor. An expert in archaeology and anthropology, Dr. Emily Carter, from the University of Colorado, has made a discovery in the field of archaeology and anthropology. She has found a bronze buckle and a bronze whistle, dating to approximately 600 years ago. The discovery was made by archaeologists at the Rising Whale site in Cape Espenberg, Alaska, during an archaeological dig. The discovery was made after archaeologists discovered what they believe to be a bronze and leather buckle, dating to approximately 600 years ago. The bronze buckle is believed to",5.565222501754761,"Bronze buckle and whistle from AD 600 found in Cape Espenberg .
But bronze-working had not been developed at this time in Alaska .
Scientists believe artefacts were created in China, Korea or Yakutia .
Site may have been home to 'Birnirk' culture, whose people travelled on both sides of the Bering Strait ."
"Article: LONDON, England (Reuters) -- The British government has announced that its ambassador to Iran has been suspended, pending further steps to address the situation. The ambassador is currently in the process of being informed about the potential for a wider war with Iran. The British government has stated that it is cooperating with the United States to address the situation, and that its role is to facilitate a more peaceful resolution. However, the British government has not yet announced any specific actions. The article highlights the difficulties faced by the British government in navigating the complex situation, particularly regarding the potential for a wider war with Iran. The British government is concerned about the",5.631365537643433,"Sportsmail have teamed up with Golfbidder for the giveaway .
The exclusive bundle includes a Callaway XR Driver, Callaway XR 3 Wood, Callaway XR Hybrid and a set of Callaway XR Irons .
A dozen Callaway Chrome Soft golf balls is also included .
CLICK HERE TO ENTER THE COMPETITION ."
"New: UK government is preparing for potential war with Iran.
NEW: American President Bush has stated that France had to prepare for the possibility of war with Iran.
NEW: American foreign minister, Bernard Kouchner, has stated that France had to prepare for the possibility of war with Iran.
NEW: President Bush has said that France had to prepare for the possibility of war with Iran.
NEW: American correspondent, Terry Frieden, has been interviewed about the potential for war with Iran.
Article:
London, England (CNN) -- The British government is preparing for potential war with Iran.
NEW: British foreign minister",5.75191593170166,"Postman Adam Prowse danced with customer Nichola Sullings .
Pair boogied to Michael Jackson’s 'Don't Stop 'Til You Get Enough'
Adam has since received much admiration from female viewers .
Royal Mail said: ‘It is a pleasure to have him working for us’"
"Article: London, England (Reuters) -- The British government has announced a plan to strengthen its relationship with the United States and increase its foreign policy. The government is planning to invest in infrastructure projects, such as the construction of new highways and bridges, and to increase its presence in the United States. The British government is also considering increasing its role in the United States' foreign policy, including supporting foreign organizations and promoting American interests. The government is expected to increase its presence in the United States and promote American interests in the region. The British government is also working to strengthen its relationships with other countries, including Iran, and to promote American interests",5.858020544052124,"James Faulkner joins Lancashire as their overseas player for the summer .
Australian was named man of the match during World Cup final win .
He will join up with county side after Indian Premier League commitments ."
"The French Foreign Minister Bernard Kouchner has announced that France is prepared for a possible war with Iran.

Article: France's Foreign Minister has stated that the country has been preparing for the possibility of war with Iran.

Article: The former US Secretary of State, Antony Blinn, has been appointed as the new Secretary of State for the United States of America.

Article: The United Nations has stated that the United States is not an ally of Iran.

Article: The United States has announced its intention to take military action against Iran.

Article: The United States has announced its intention to take military action against Iran.",5.587890148162842,"Eight guards at Nauru detention centre have been suspended .
They posted 'anti-Islamic' messages on social media and were pictured with Pauline Hanson at a recent Reclaim Australia rally .
The men contravened a policy that they display 'cultural sensitivity'"
"New: French Foreign Minister Bernard Kouchner has been appointed as the new head of the French Foreign Ministry, a role that has been previously held by the former Foreign Minister, André-Marie Lejon. The appointment was made following a surprise appointment from the Socialist ranks. The new Foreign Minister is expected to be appointed by the President of France, Jean-Luc Bourgogne, to lead the Ministry of Foreign Affairs. The Foreign Ministry is tasked with overseeing the affairs of France, including the coordination of the French military, the security of the French territory, and the operation of the French embassy. However, the Foreign Minister is also expected to be appointed",6.080229997634888,"Children drink 'excessive' amounts of energy drinks, teachers' union claim .
Drinks like Red Bull, Monster and Relentless are causing 'hyperactivity'
NASUWT likened caffeinated refreshments to 'readily available legal highs'
Of teachers surveyed 13% cited energy drinks as cause of bad behaviour ."
"The news has been reported that a large number of children have been taken to France for adoption, with most of the children are not Sudanese or orphans, and they have families. The charity, Zoe's Ark, has been working to rescue the children in Benin. The charity has been working with the government and local authorities to determine their identities and to provide them with safe housing and support. The charity has also been working with UNICEF and UNHCR to provide assistance to the children in Benin. The children have been living in an orphanage in Benin, and authorities have been investigating their identities. The charity has not yet confirmed the children's identities,",6.294638156890869,"Items belonging to Davy Jones are to go on sale at an auction in New York .
British-born Jones best known for being member of the band The Monkees .
Memorabilia includes guitars, stage costumes and commemorative plaques .
Jones, who became a teen idol in the 1960s, died in 2012 at the age of 66 ."
"Article: LONDON, England (Reuters) -- The British government has declared a retreat to the United States for the next few weeks to deal with the fallout from the alleged nuclear weapons program. The government has stated that it is taking steps to understand the situation and to find a way to address the concerns of the US government. The comments of several members of the US government, including Secretary of State John Kunasma, have been widely criticized for their perceived lack of transparency and for their perceived lack of seriousness. The British government has stated that it is committed to a diplomatic solution to the issue and that the government is working to find a way to",5.979173183441162,"Mitchell is best know for her hits ""Big Yellow Taxi"" and ""Free Man in Paris""
Paramedics came to her Los Angeles home on Tuesday afternoon ."
"The French Foreign Minister, Bernard Kouchner, has announced that France is prepared for potential war with Iran over its nuclear program. He stated that the country has been preparing for this possibility, including the possibility of a surprise appointment to Nicolas Sarkozy's conservative government. The announcement is widely expected to be met with a strong reaction from the public, with many expressing concerns about the potential impact on France's foreign policy and the ongoing tensions between Iran and the United States. The French Foreign Minister has also stated that he is not expected to be a soft-soaper on the diplomatic scene, and he is likely to be more inclined to",7.121335744857788,"Scientists say camel was left in Tulln after the 1683 siege of Vienna .
It would have shocked residents as camels were an alien species .
'They didn't know what to feed it or whether one could eat it,' study said .
Ottoman army used camels for transportation and as riding animals ."
"THEY'VE JUST GOT A HUGE NEWS! A French government official has announced that France is preparing for a possible war against Iran over its nuclear program. The announcement is made by a former government contract employee, Roy Lynn Oakley, who has been in prison for 10 years for suspected theft of restricted nuclear materials. He was apprehended in Knoxville on January 26th. The official stated that France has been preparing for a potential war with Iran, and that the US is not expected to be a major ally in such a conflict. He has also given a statement on the upcoming upcoming United Nations summit, which he believes will bring a",5.7844343185424805,"German photographer Dieter Klein travelled the world to find vintage cars left to crumble in leafy forests and fields .
Came across range of graveyards hosting all sorts of vehicles, including Jaguar XK120 worth £82,000 if restored .
Dieter, 57, from Cologne, first came across a Citroen truck dumped in a bush six years ago and became hooked ."
"NEW: The United States government is facing increasing scrutiny over its foreign policy, particularly regarding Iran. The US has been accused of supporting the Iranian government, particularly in the context of the nuclear program. The US government has issued statements and issued orders to remove the nuclear program from Iran. The US government has also called for the withdrawal of missiles from Iran. The US government has also called for the withdrawal of missiles from other countries, including Russia. The US government is facing increasing pressure from the international community to address Iran's nuclear program and to prevent the use of nuclear weapons. The US government is also engaging in diplomatic efforts to mediate between Iran",5.836822748184204,"Study was conducted by National Evolutionary Synthesis Centre, Durham .
It suggests that societies with less access to food and water are more likely to believe in all-powerful, moralistic deities .
Research also uncovered link between a belief in high gods who enforce a moral code and  a strong social hierarchy ."
"The United Nations Special Envoy on the Middle East has announced that the United Arab Emirates is under the jurisdiction of the United States. The US State Department has stated that the UAE is not a member of the US-led coalition against terrorism.
The United Arab Emirates is a major oil producer, with a significant percentage of its GDP coming from oil and gas. The UAE is a member of the UAE Central Bank, and the UAE is a major oil producer.
The UAE is a friendly and welcoming country with a diverse population. It has a strong economy, with a significant proportion of its GDP coming from oil and gas.
The UAE is",6.99825119972229,"Spanish woman allegedly stabbed British partner and two children .
The family were found dead in a flat in Gibraltar earlier this week .
Anarda De La Caridad Perez Friman 'suffered from post-natal depression'
British man identified as John Joseph Shannon, 31, from Liverpool ."
"The news of Dr. Fredric Brandt's death has caused immense grief and shock among the public and the media. The statement was made by the head of the American Foundation for the Advancement of Medical Education (AFAME), Dr. Emily Carter, who has been a vocal advocate for the use of cosmetic procedures. She has publicly stated that Dr. Brandt's death was not a suicide by hanging, but rather a tragic accident caused by a combination of factors, including a combination of psychological and medical factors. Dr. Carter emphasized the importance of continued research and development in cosmetic procedures to prevent future tragedies. She urged the public to be mindful",5.944207429885864,"Cosmetic dermatologist to the stars Fredric Brandt was found dead at his Coconut Grove home in Miami on Sunday, aged 65 .
Joy Behar tweeted: 'Dr Brandt was one of the sweetest, nicest, most generous people I have had the good fortune to meet & work with. He will be sorely missed'
Kelly Ripa, posted: 'My heart is breaking for the loss of Dr. Fredric Brandt. My friend. You will be missed forever and in my heart even longer'
Colleague Dr Robert Anolik, who worked with Brandt at his clinic, posted a moving tribute on Monday saying he had lost a 'close friend'
The City of Miami Police Department confirmed that Dr Brandt's death on Sunday was a suicide by hanging .
Brandt was said to have been 'devastated' over rumors comparing him to a character on the show, Unbreakable Kimmy Schmidt ."
"New: Australian government is considering a new policy to ensure public holidays are consistent across the country.
The government has announced a plan to implement a new system of public holidays that will cover all states and territories.
The plan aims to provide uniformity of public holidays across the country.
New: The government is proposing a new system of public holidays that will address the issue of Anzac Day's public holiday.
The plan aims to provide uniformity of public holidays across the country.
New: The government has proposed a new system of public holidays that will address the issue of Anzac Day's public holiday.
The plan aims",5.84159779548645,"There is no Anzac Day holiday for most states as it falls on a Saturday .
Only Western Australia and some Canberra bureaucrats will get day off .
First time since 2009 Anzac Day has fallen on a Saturday .
Experts predict rise of up to 25 per cent of people calling in sick on Monday .
Some businesses told staff they risk their job if they fake a sick day .
Losses from absent employees estimated at $7.5m in Queensland alone ."
"New: French Foreign Minister Bernard Kouchner has been appointed as the new Foreign Minister of France, a move that is being met with strong reactions from the public and the media. Kouchner is expected to be appointed by the Socialist party leader, Nicolas Sarkozy, as the new Foreign Minister. The appointment was announced Friday. Kouchner has been in the role for over six months, and he is expected to be appointed by the Socialist party leader, Nicolas Sarkozy, as the new Foreign Minister. The appointment was announced by the Socialist party leader, Bernard Kouchner, who has been in the role for over six months.",5.573850631713867,"Lisa Morgan, 40, amended site to claim her boyfriend had been unfaithful .
Top of the World Roofing website says it's 'ceased trading at present'
Site now claims boss was 'unfortunately found out to be cheating again'
Met Sean Meade, 45, in August but soon grew wary when he was never in .
Contacted his estranged wife, Jo, who told her he had cheated on her too ."
"New: French Foreign Minister Bernard Kouchner has been told to prepare for the possibility of war against Iran.
New: A charity, the Zoe's Ark, has reported that many children are not Sudanese or orphans, and they have families.
New: The agency, the Red Cross, UNHCR, and UNICEF, has interviewed children and reported that the children have been living with their families in Abeche, Chad.
New: The charity has stated that the children are not orphans, and they have been living with their families in Abeche.
New: The agencies have stated that the children are not Sudanese orphans, and they",5.403272867202759,"Calum Chambers has played 35 times already for Arsenal this season .
Eric Dier has become an important first-team player at Tottenham .
John Stones has impressed for Everton after being moved to the middle ."
"The French government has announced a plan to send a team of former French players to the United States to help with the ongoing crisis of nuclear weapons. The plan is to provide financial assistance to organizations working to prevent nuclear weapons proliferation.

Article: New: The French government has announced a plan to send a team of former French players to the United States to help with the ongoing crisis of nuclear weapons. The plan is to provide financial assistance to organizations working to prevent nuclear weapons proliferation.

Summary:
The French government has announced a plan to send a team of former French players to the United States to help with the ongoing crisis of nuclear weapons.",5.46063232421875,"A host of footballing legends graced the field to raise money for charity .
Bazilian Ronaldo and Zinedine Zidane were among the stars taking part .
Clarence Seedorf, Fabian Barthez and Gianluca Zambrotta also played .
As did Jay-Jay Okocha, David Trezeguet and Vladimir Smicer ."
"New: French Foreign Minister Bernard Kouchner's declaration that France has to prepare for the possibility of war against Iran was not conventional diplomatic behavior. But then Kouchner was never expected to be a soft-soaper on the diplomatic scene. French foreign minister Bernard Kouchner has a reputation for challenging convention and authority. A surprise appointment from the Socialist ranks to Nicolas Sarkozy's conservative government has always challenged convention and authority. The former UN Secretary General Boutros Boutros-Ghali once called Kouchner 'an unguided missile' and the man himself has been known to declare: ""To change the law you sometimes",5.909944772720337,"Melbourne based fashion brand Elliott Label makes it in Hollywood .
Founder Kylie Gulliver has partnered with Pussycat Dolls' Robin Antin .
The pair initially met through Instagram .
Stars including Drew Barrymore and Mimie Elashiry attended US launch .
The luxe label features leather staples and tailored pieces in range .
Next the design duo are set to launch sport range ."
"The article discusses the recent events in the United States, including the release of a new documentary about the history of the nuclear energy industry. The article also mentions the recent events in the United States, including the release of a new documentary about the history of the nuclear energy industry. The article also mentions the recent events in the United States, including the release of a new documentary about the history of the nuclear energy industry. The article also mentions the recent events in the United States, including the release of a new documentary about the history of the nuclear energy industry. The article also mentions the recent events in the United States, including the release of a",5.207800626754761,"Floyd Mayweather takes on Manny Pacquiao in Las Vegas on May 2 .
The two men will split a $300m purse, with Mayweather taking 60 per cent .
The fight has been five years in the making and was agreed in February .
It pits the two pound-for-pound boxers in the world against each other .
Mayweather-Pacquiao is 11 days away... why are there no tickets on sale?"
"The Scottish government has announced a plan to provide a range of services to support people affected by the COVID-19 pandemic. The first phase of this plan includes providing free and discounted meals to vulnerable individuals, while the second phase will focus on providing support for those with limited access to healthcare. The government has also announced a new initiative to help people with disabilities to access education and employment opportunities. The Scottish government is committed to ensuring that the pandemic is not passed on to future generations. The first phase of the plan will focus on providing free and discounted meals to vulnerable individuals, while the second phase will focus on providing support for those with limited access",5.989713191986084,"Jim Murphy scored winning penalty in charity shootout in Edinburgh .
Game put on for terminal Motor Neurone Disease sufferer Gordon Aikman .
Mr Aikman was diagnosed with the terminal condition less than a year ago .
He has raised over £250,000 for research into a cure through his campaign ."
"New: UK government is set to take over power following a major scandal.
New: UK government is expected to be under the leadership of the current Prime Minister, Rishi Sunak.
New: UK government is expected to be under the leadership of the current Prime Minister, Boris Johnson.
New: UK government is expected to be under the leadership of the current Prime Minister, Liz Truss.
New: UK government is expected to be under the leadership of the current Prime Minister, David Cameron.
New: UK government is expected to be under the leadership of the current Prime Minister, Theresa May.
New: UK government is expected to",5.547143220901489,"Nick Clegg lists why Lib Dem support 'collapsed' in Economist interview .
Blames 'protest voters' who didn't want to take responsibility for collation .
Claimed public sector workers left because pensions hit and jobs cut .
Says those reasons were more important than policy decisions he made .
Tory source says interview  'sums up' Clegg, who 'is like a petulant child'"
"New: French Foreign Minister Bernard Kouchner's statement has been controversial, even met with criticism from some in the United States. Kouchner's comment has been widely seen as a move towards a more assertive foreign policy, with some suggesting it could embolden countries to pursue greater military intervention in the region. While Kouchner has been seen as a strong voice for international human rights, there are concerns about the potential impact on the broader international community.

Article:  NEW: The United States has publicly stated its intention to press the United Nations Security Council to authorize a resolution to address the nuclear threat to Iran. The statement",5.5742409229278564,"Dramatic rescue led to the mainly-Burmese nationals being identified .
Vast majority of them said they were desperate to leave Benjina island .
Some wanted to stay - but only to demand their bosses hand over money .
Men said they were kidnapped or tricked into becoming fisherman slaves ."
"New: French Foreign Minister Bernard Kouchner has been appointed as the new Minister of Foreign Affairs. He is expected to be replaced by Dana Perino, the White House press secretary, as the new Minister. Kouchner's appointment is expected to be a significant change in the foreign policy of France, and it will be a major step for the country. France has been a major player in the global political landscape for decades, and its foreign policy has been shaped by its history of being a member of the European Union. Kouchner's appointment is expected to be a significant change for France, and it will be a major",6.3048248291015625,"Ben Affleck admits he asked PBS show ""Finding Your Roots"" to avoid mentioning his slave-owning ancestor .
Dean Obeidallah says the actor and the show were right to leave the detail out ."
"The British government has announced a move to strengthen its role in the fight against terrorism, particularly in the context of Iran nuclear program. The government is working to build a stronger security presence and more effective counter-terrorism strategies. The British government has been urged to prioritize the security of the nuclear program and to increase the presence of security personnel. The government is also working to improve the security of the United States' nuclear facilities.

Article: The United States is facing a growing challenge in dealing with the ongoing nuclear program, particularly in Iran. The US government is actively working to build a more secure nuclear program, including increasing the presence of security personnel",5.84525465965271,"Victoria Wasteney argues tribunal decision was against her human rights .
Disciplined after Muslim colleague claimed she was trying to convert her .
Appeal backed by Christian Legal Centre and human rights barrister ."
"New: French Foreign Minister Bernard Kouchner’s declaration that France had to prepare for the possibility of war with Iran was not conventional diplomatic behavior. But then Kouchner was never expected to be a soft-soaper on the diplomatic scene. A surprise appointment from the Socialist ranks to Nicolas Sarkozy's conservative government has always challenged convention and authority. The former UN Secretary General Boutros Boutros-Ghali once called Kouchner ‘an unguided missile’ and the man himself has been known to declare: ""To change the law you sometimes have to break the law."" He was in his youth one of the leaders of",5.239304542541504,"Liberty Baker was killed as she walked to school in Witney, Oxfordshire .
Robert Blackwell, 19, was texting at the wheel at the time of the crash .
The teenager had been smoking drugs the day before the crash last June .
Liberty's father, Paul Baker, waved her off to school just moments earlier .
He said the family had been left 'devastated' by the shortness of sentence .
For confidential support call the Samaritans in the UK on 08457 90 90 90, visit a local Samaritans branch or click here for details ."
"The French Foreign Minister, Bernard Kouchner, has stated that France is preparing for the possibility of war with Iran. He acknowledged that a surprise appointment to Nicolas Sarkozy's conservative government was a surprise event. He also mentioned that the first French Foreign Minister to visit Iraq since 1988. The founder of Medicins Sans Frontiers, also a French student leader in May 1968, is also a leader of the French student movement in France. The French Foreign Minister has been traveling to Iraq since 1988 to advocate for the release of children in war zones and to address the situation in the region",5.620879173278809,"Sjaak Rijke saved by French troops who captured jihadis and killed others .
No word on two other men including South African with British citizenship .
Dutch Minister: 'I'm happy this terrible period has been brought to an end'"
"New: A French Foreign Minister has been arrested on charges of defamation. The woman who claimed she slept with Prince Andrew while working as a sex slave is facing a legal backlash from two other men she claimed had relations with her. The woman is being sued for defamation by high profile US attorney Alan Dershowitz, who said that she would have to give evidence under oath and that if she repeated her claims she will have perjured herself. Miss Roberts has also been branded as ‘despicable’ by model agency owner Jean Luc Brunel who said that he is considering legal action of his own. In a statement Mr Brunel said he was ‘",5.29822301864624,"Virginia Roberts is being sued for defamation by lawyer Alan Dershowtiz .
Model agency owner Jean Luc Brunel said he is considering legal action .
Comes after judge orders Roberts' sex slave claims struck from the record ."
"The United States is facing a complex situation with a growing number of international conflicts, including terrorism, cybercrime, and human rights abuses. The United States government is working to address these challenges through a range of actions, including diplomatic efforts, international cooperation, and legal reforms. In the United States, the United States is facing a growing number of international conflicts, including terrorism, cybercrime, and human rights abuses. The United States government is working to address these challenges through a range of actions, including diplomatic efforts, international cooperation, and legal reforms. In the United States, the United States is facing a growing number of international conflicts, including terrorism",5.859966993331909,"Victor Agbafe, 17, is currently attending Cape Fear Academy in Wilmington .
He plans to double major in microbiology with government or economics .
Smart young man faces tough choice after being accepted into 14 colleges .
He credits his mother, a Nigerian immigrant and physician, for his success .
Will make decision this month and he hopes to become a neurosurgeon ."
"New: The world of rugby league is facing a significant change as the English national team is officially retiring from professional rugby league. The season has been marked by a period of intense competition and a struggle to find a replacement for the experienced and highly-paid player, Kevin Sinfield. The arrival of the new team, the Rhinos, has brought a fresh wave of talent and a renewed sense of excitement in the sport. However, the team's search for a replacement has been hampered by the significant financial challenges facing the league. The Rhinos are currently working on a new strategy to address the financial difficulties, including securing new sponsorships, increasing",5.665126800537109,"Kevin Sinfield has announced he is leaving Leeds at the end of the season .
The 34-year-old will cross codes to join sister club Yorkshire Carnegie .
Former England captain has won six Super League titles with the Rhinos ."
"The French Foreign Minister, Bernard Kouchner, has announced that France has to prepare for the possibility of war with Iran.

Article: France's President, Emmanuel Macron, has stated that France would not be a major player in the Middle East, and that the country is ""in the business of reclaiming a role at the top diplomatic tables."" He reiterated his commitment to strengthening the security and security sector, particularly in the region of Syria.

Article: The Syrian government has been accused of using tactics to obstruct the release of journalists and the airport to facilitate the process of resettlement.

Article: The Syrian government has been accused of using",5.851442813873291,"Ciudad Real airport was built in 2009 at a cost of more €1billion – Spain’s economy having taken off .
It was closed just three years later when its parent company fell into financial difficulties .
The airport was designed to cater for Spain's booming economy to serve both city and coast via high speed rail link ."
"New: French Foreign Minister Bernard Kouchner's comments on Iran's nuclear program were not conventional diplomatic behavior. French foreign minister Bernard Kouchner has a reputation for challenging convention and authority. A surprise appointment from the Socialist ranks has been made to Nicolas Sarkozy's conservative government. The former UN Secretary General Boutros Boutros-Ghali once called Kouchner 'an unguided missile' and the man himself has been known to declare: ""To change the law you sometimes have to break the law."" He was in his youth one of the leaders of the students revolt in France in 1968. K",5.442595958709717,"New Yorker Sarah Reign, 26, is a security guard by day but earns extra money by eating fast food and sugary treats while men watch .
Weighs 400lbs and has gained 84lbs since she started eating on camera .
Has branched out to sitting on male clients who enjoy being smothered .
Admits she finds eating for paying customers 'an ego boost'"
"NEW: French Foreign Minister Bernard Kouchner has been appointed as the new head of the French embassy in the United States. He has been tasked with working with US officials to address the potential for war with Iran. The appointment marks a significant shift in French foreign policy, with the French government already under the leadership of Emmanuel Macron. Kouchner's appointment is seen as a significant step towards a more assertive and less aggressive foreign policy, with the goal of increasing the influence of France in the region. He is expected to be accompanied by a delegation of US officials. Kouchner is expected to meet with US officials in the coming weeks",5.6620192527771,"Global demand soaring as people develop passion for almond-based foods .
The nuts have become California’s second biggest agricultural commodity .
The problem is that almonds guzzle water on a monumental scale .
It's been calculated that it takes 1.1 gallons of water to grow single almond ."
"The British Royal Family has been in a whirlwind of events in recent weeks, from the recent victory in the Olympics to the recent incident with the Queen's horse, Ring of Truth, at Newbury. The Royal Family has been celebrating their anniversary and the upcoming royal birth. The Queen has been in the midst of a particularly busy period, spending time on the Royal Box, attending a royal event, and enjoying the day. The Queen is also making an effort to engage with her horses and ponies, with her grandchildren, particularly Prince Edward, Lady Louise, and James, being her most active companions. The recent incident with the Queen's horse",6.212489366531372,"The Queen crossed her fingers as Ring of Truth galloped home .
Unfortunately, the two-year-old thoroughbred was pipped to the post .
She had another runner later in the afternoon which managed third ."
"NEW: France has been accused of launching a nuclear-armed Iran, with a state of emergency being declared. French Foreign Minister Bernard Kouchner's declaration is not conventional diplomatic behavior. France has been criticized for its past support for Iran's nuclear program, including military aid and political support. The French Foreign Minister has also been criticized for his previous statements about Iran's nuclear program. The French Foreign Minister has issued a statement acknowledging the potential for a nuclear-armed Iran, but has not yet confirmed his intentions. The French Foreign Minister has also been criticized for his previous statements about Iran's nuclear program. The French Foreign Minister",6.0197319984436035,"Police in Troy, Alabama, found the video while investigating a shooting .
Video 'shows two men raping unconscious woman on Florida beach'
Authorities say hundreds of people walk past but don't intervene .
Troy University students Delone' Martistee, 22, and Ryan Austin Calhoun, 23, have been arrested in connection with the alleged incident ."
"Article: LONDON, England (Reuters) -- The British government has announced that it will be taking a more cautious approach to the release of some of its top-secret intelligence assets, including the Pentagon's classified materials. The release of these assets is a matter of national security and a key step in the arms race between the UK and the United States. The government has stated that it will be taking a more cautious approach, acknowledging the ongoing threat of espionage and the need to protect national security. The release of these assets is seen as a significant step towards greater transparency and accountability, and it is expected to be a crucial element in the UK",6.408446788787842,"The rapper/entrepreneur went ""stream of consciousness"" on Twitter .
He asked users to be patient with Tidal, his new music streaming service .
A parody account was set up to mock his hashtag ."
"The story is about a young man named James Ward-Prowse who has been living a quiet life in the UK, working as a contract employee in a television station. He is not particularly wealthy, and his life is characterized by a lack of ambition and a focus on his work. However, in a bizarre turn of events, he is unexpectedly appointed as a new, high-profile press secretary for England United, a prestigious football club. This unexpected appointment comes as a surprise for Ward-Prowse, who had been under the radar for years. He is immediately drawn to the challenge and the opportunity to make a significant impact on the club",6.1306047439575195,"James Ward-Prowse scored the winner for England U21s against Germany .
Southampton youngster practices free kicks like David Beckham and his childhood idol Steven Gerrard .
Saints boss Ronald Koeman has been giving him tips on dead balls ."
"New: Harry Potter star Daniel Radcliffe gets £20M fortune as he turns 18 on Monday, but he insists the money won't cast a spell on him. Daniel Radcliffe as Harry Potter in ""Harry Potter and the Order of the Phoenix"" To the disappointment of gossip columnists around the world, the young actor says he has no plans to fritter his cash away on fast cars, drink and celebrity parties. ""I don't plan to be one of those people who, as soon as they turn 18, suddenly buy themselves a massive sports car collection or something similar,"" Daniel Radcliffe told an Australian interviewer earlier",5.19020414352417,"Hotels around the world are now hiring top designs to craft their uniforms .
Narcisco Rodriguez designed dresses for Park Hyatt New York hotel staff .
At Toronto's Shangri La Hotel, Sunny Fong was inspired by the Ming era .
London-based Nicholas Oakwell created a vintage look for the Rosewood ."
"New: Hattie Gladwell is just 19 but the teenager has already undergone a terrifying operation which left her with an ostomy bag, which she'll have to wear for the rest of her life.

Article: LONDON, England (CNN) -- The French Foreign Minister Bernard Kouchner's declaration that France had to prepare for the possibility of war against Iran was not conventional diplomatic behavior. But then Kouchner was never expected to be a soft-soaper on the diplomatic scene. A surprise appointment from the Socialist ranks to Nicolas Sarkozy's conservative government has been announced. The former UN Secretary General Boutros",5.752511024475098,"Hattie Gladwell was fitted with an ileostomy bag in January this year .
She had undergone emergency surgery for ulcerative colitis .
The 19-year-old  blogs about her life with her bag fitted to small intestine .
She reveals all about her sex life and the effect it has on her confidence ."
"(CNN) -- French Foreign Minister Bernard Kouchner has stated that France has to prepare for the possibility of war against Iran. The news has been largely dismissed by the media, with many people expressing skepticism about the official narrative. However, some individuals have expressed concerns about the potential implications of a potential nuclear war. Kouchner's statement has been met with a mixture of skepticism and optimism, with some expressing support for the official narrative and others emphasizing the need for more cautious diplomatic engagement. Kouchner's comments have been seen as a sign of a growing trend in the international community, with countries and organizations increasingly recognizing the need",6.1399195194244385,"Gulam Chowdhury stabbed victim Mohammed Afzal 20 times in March 2014 .
Chowdhury quoted verses of the Quran before stabbing him repeatedly .
Mr Afzal had been also involved with Choudhury's girlfriend Nargis Riaz .
Chowdhury was convicted of murder and will be sentenced on May 1 ."
"Article: LONDON, England (Reuters) -- The British government is preparing for a potential war against Iran over the nuclear program. Sources say that the UK is preparing to take a significant step towards nuclear weapons, with the government's top advisor, Mr. Sunak, saying that it's ""sadly accepting"" the possibility of war. However, he emphasized that the British government is committed to a peaceful resolution and will not be willing to compromise on the nuclear program. Mr. Sunak stated that the UK is prepared to work with the US to resolve Iran's nuclear program, arguing that it's a ""serious crisis"" that requires",5.4449779987335205,"A Sydney woman has put up posters to find the man who lent his umbrella .
MissieSmile21 is 'actively looking' for the man with 'most beautiful smile'
The gentleman helped her cross a road during Tuesday nights' downpour ."
"New:  Chadian president wants journalists, flight crew released.  New:  Roy Lynn Oakley appears in court in Tennessee after surrendering.  New:  Facility's role is to break down decommissioned equipment.  New: Lawyer: Oakley's job was to break down machine parts into pieces, pitch them.

Article: LONDON, England (CNN) -- White House press secretary Tony Snow, who is undergoing treatment for cancer, will step down from his post September 14 and be replaced by Dana Perino, the White House's press secretary, the White House announced Friday. White House press secretary Tony Snow",5.725626468658447,"Millie Marotta's book, Animal Kingdom, features detailed line illustrations .
The £3.99 book is currently #1 on Amazon's Top 100 Books list .
The 36-year-old illustrator resides and works in Tenby, Wales ."
"New: French Foreign Minister Bernard Kouchner has pledged to prepare for the possibility of war with Iran.

Article: LONDON, England (CNN) -- The UK's Foreign Office has announced that France has been urged to prepare for the possibility of war with Iran. The decision was made following a surprise appointment from the Socialist ranks to Nicolas Sarkozy's conservative government, who has always challenged the conventions of the political establishment. The memo, found by his Liberal Democrat successor David Laws, stated that France has been encouraged to prepare for the possibility of war with Iran, specifically by the Socialist party, to help counter the perceived threat of Iran",5.596891641616821,"Labour's Liam Byrne left a memo for the incoming Coalition government .
The letter, left on Mr Byrne's desk, read: 'I'm afraid there is no money'
Treasury Secretary Danny Alexander has finally responded to the note .
Mr Alexander wrote: 'Sorry for the late reply, I've been fixing the economy'"
"* Harry Potter star Daniel Radcliffe has recently gained access to a £20 million fortune as he turns 18 on Monday.
* Harry Potter star Daniel Radcliffe as Harry Potter in the movie ""Harry Potter and the Order of the Phoenix"" is reportedly no longer expected to be a major star.
* Harry Potter star Daniel Radcliffe is reportedly no longer expected to be a major star in the film ""Harry Potter and the Order of the Phoenix.""
* Harry Potter star Daniel Radcliffe has just received a £20 million fortune in the form of a charity's fundraising fund.
* Harry Potter star Daniel Radcliffe is reportedly no longer",5.497279167175293,"Ryan Giggs apologises for his eight-year affair with brother's wife .
Manchester United legend rang his brother out of the blue after four years .
Rhodri's wife Natasha aborted Ryan's baby just before marrying Rhodri .
Natasha and Rhodri attempted to stay together but divorced in 2013 .
Former footballer also had affair with Big Brother star Imogen Thomas ."
"New: A British politician has been criticized for his controversial policy of ""unfettering"" the judiciary to make it more resistant to judicial review. A spokesperson for the British government has stated that the government is ""committed to upholding the rule of law"" and will not overturn judicial decisions.

Article:
London, England (Reuters) -- The British government has stated that it is ""committed to upholding the rule of law"" and will not overturn judicial decisions.

Reuters reports that the British government has announced a new initiative to re-evaluate the role of the judiciary in the judicial system.

Article:
London, England (Reuters",5.523369312286377,"Police say the thieves gained entry through the building's communal elevator shaft .
Police give no value of the amount taken in the heist in London's jewelry district .
There's no evidence of forced entry to the building, police say ."
"New: A French Foreign Minister is facing a furious backlash from the media after a controversial decision to sell player funds to a foreign agent. Former government contract employee Roy Lynn Oakley has been arrested on charges of stealing restricted nuclear energy-related materials and putting the United States at risk. The decision was made by the French Foreign Minister Bernard Kouchner, who was previously a respected figure in the political and social sphere. The French Foreign Minister has a reputation for challenging convention and authority, and he has been known to challenge authority. A surprise appointment from the Socialist ranks has always challenged convention and authority. The former UN Secretary General Boutros Boutros-",5.442302227020264,"Stuart Armstrong has backed Jackie McNamara to come good again .
McNamara faced a furious fan backlash recently amid woeful results .
Club have won once since Armstrong and Gary Mackay-Steven left .
Was also revealed that McNamara receives cut of transfer fees ."
"New: A video of a man in a dark, hooded coat is shot dead by a man in a dark, hooded coat, with a shotgun. The man is in a state of shock and has been found dead. The video shows the man pointing the gun at the man in a dark, hooded coat. The man is in a state of shock and has been found dead.
Also:
New: A video of a man in a dark, hooded coat is shot dead by a man in a dark, hooded coat, with a shotgun. The man is in a state of shock and has been found dead. The video shows the",5.56379771232605,"Police officer in Sand Springs, Oklahoma, shot Donald Allen on April 11 .
Brian Barnett, 25, killed Allen, 66, after man made threatening statements .
Bodycam footage showed Allen advancing with loaded, 22-caliber pistol .
Sand Springs Police Department turned findings over to Tulsa County DA .
Video was released after being recovered from a malfunctioning camera ."
"New: France has to prepare for the possibility of war with Iran.
New: The International Red Cross Committee, the U.N. High Commissioner for Refugees and UNICEF have announced a request to assist France in preparing for war with Iran.
New: The 21 girls and 82 boys range in age from about 1 year to about 10, and they are healthy.
New: The agencies have been interviewing the children individually to determine their backgrounds.
New: The agencies have stated that the children have been living with their families before Zoe's Ark took them.
The charity said the children were Sudanese",5.5069968700408936,"Prosecutors have called more than 100 witnesses to testify .
Defense team expected to wrap up within a day or two .
The 15 jurors could be sent out early next week to deliberate .
Hernandez has pleaded not guilty to shooting dead Odin Lloyd ."
"New: French Foreign Minister Bernard Kouchner's declaration that France had to prepare for the possibility of war with Iran was not conventional diplomatic behavior. But then Kouchner was never expected to be a soft-soaper on the diplomatic scene. French foreign minister Bernard Kouchner has a reputation for challenging convention and authority. A surprise appointment from the Socialist ranks to Nicolas Sarkozy's conservative government has always challenged convention and authority. The former UN Secretary General Boutros Boutros-Ghali once called Kouchner 'an unguided missile' and the man himself has been known to declare: ""To change the law you sometimes",5.140761137008667,"Started dating in July 2014, two months after her split from ex-husband .
Second wedding for Nikki following previous marriage to Paul McDonald .
Tied the knot in romantic ceremony in Santa Monica mountains .
Guests included Lea Michele and her boyfriend Matthew Paetz ."
"New: The Large Hadron Collider (LHC) is ready for action following a two-year shutdown. The LHC, a particle accelerator, is ready for action after a two-year shutdown. After problems that delayed the restart in March, scientists at the European Organization for Nuclear Research (CERN) completed final tests, enabling the first beams to start circulating Sunday inside the LHC' *operating accelerators for the benefit of the physics community is what CERN's here for* today. CERN Director-General Rolf Heuer said today, ""Today, CERN's heart beats once more to the rhythm of the LHC."" The LHC generates up to",5.171112298965454,"The Large Hadron Collider (LHC) begins again after a two-year shutdown .
The restart was delayed in March ."
"The British government has announced a move to prepare for the possibility of war against Iran. The British government has made a significant move to prepare for the possibility of a nuclear-armed Iran, including the establishment of a new nuclear-armed state. The British government is working to develop new weapons and strategies to counter Iran's nuclear program. The British government has also made a significant move to prepare for the possibility of a war with China. The British government has also made a significant move to prepare for the possibility of a war with Russia. The British government is working on developing new weapons and strategies to counter Iran's nuclear program. The British",5.7892584800720215,"Teenage suicide bomber Abu Hafs al Badri is referred to as the cousin of ISIS leader Abu Bakr al-Baghdadi .
In January, a 14-year-old fighter Abu Hassan al-Shami, blew himself up in Salahuddin province, Iraq .
The rise in ISIS teenage suicide bombers could indicate how much the jihadi group is struggling to keep territory ."
"New: French Foreign Minister Bernard Kouchner has been told to prepare for the possibility of war with Iran. Was a surprise appointment to Nicolas Sarkozy's conservative government. Also the first French Foreign Minister to visit Iraq since 1988. Founder of Medicins Sans Frontiers, also French student leader in May 1968.

Article: LONDON, England (CNN) -- France Foreign Minister Bernard Kouchner has been told to prepare for the possibility of war with Iran. Was a surprise appointment to Nicolas Sarkozy's conservative government. Also the first French Foreign Minister to visit Iraq since 1988",5.175144195556641,"Scottish First Minister said Mr Miliband simply 'won't have the votes'
She reiterated her call for Labour to 'work together to lock the Tories out'
Mr Miliband this morning insisted he would not make any deals with SNP .
Labour is expected to suffer heavy losses in Scotland - where it has 41 MPs ."
"New:  French Foreign Minister has expressed concerns about the potential impact of a nuclear war on Iran. The French Foreign Minister has stated that France is prepared to take a strong stance against Iran's nuclear program. The French Foreign Minister has also stated that France is prepared to take a strong stance against Iran's nuclear program.

Article: A Syrian refugee has been taken hostage by a group of Iranian terrorists. The hostage situation is ongoing. The Syrian government has announced that the group is not affiliated with any organization and has been banned from any international organizations. The Syrian government has also stated that the group is not affiliated with any organization and has",6.901838779449463,"Mr Yuan was in the accident on March 24 and has been in hospital since .
One girl had been dating him for nine years and another had a son with him .
Police have now launched an investigation into allegations of fraud ."
"*   French Foreign Minister Bernard Kouchner has been instructed to prepare for the possibility of war with Iran. The country has been preparing for the possibility of war against Iran.
*   The French Foreign Minister has been instructed to prepare for the possibility of war against Iran.
*   The French Foreign Minister has been instructed to prepare for the possibility of war against Iran.
*   The French Foreign Minister has been instructed to prepare for the possibility of war against Iran.
*   The French Foreign Minister has been instructed to prepare for the possibility of war against Iran.
*   The French Foreign Minister has been instructed to prepare for",5.33263635635376,"England start their three Test series against West Indies next Monday .
Stuart Broad is backing captain Alastair Cook to score big runs in series .
Bowler admits he is sorry to see Paul Downton leave role in ECB ."
"New: French Foreign Minister Kouchner is advising France to prepare for the possibility of war with Iran. The situation is unclear, but a surprise appointment to Nicolas Sarkozy's conservative government has been announced. French foreign minister Bernard Kouchner has stated that France has to prepare for the possibility of war with Iran. What is the significance of this announcement?

Article: LONDON, England (CNN) -- French Foreign Minister Bernard Kouchner has been appointed as a special advisor to France on the matter of Iran's nuclear program. The appointment comes after the news of a surprise appointment to Nicolas Sarkozy's conservative government, who",8.39015245437622,"Kai Windsor knew from  three that he had been born in the wrong body .
By four he wouldn't wear dresses and by six he wanted to cut his hair short .
Kai came out at school as a transgender and is now referred to as a boy .
At age of 10 he is set to undergo hormone treatment to halt puberty ."
"New: French Foreign Minister Bernard Kouchner has told France to prepare for possibility of war with Iran. Was a surprise appointment to Nicolas Sarkozy's conservative government. Also the first French Foreign Minister to visit Iraq since 1988. Founder of Medicins Sans Frontiers, also French student leader in May 1968.

Article: LONDON, England (CNN) -- French Foreign Minister Bernard Kouchner has told France to prepare for possibility of war with Iran. Was a surprise appointment to Nicolas Sarkozy's conservative government. Also the first French Foreign Minister to visit Iraq since 1988. Founder",5.19560694694519,"David Cameron revealed that the London Mayor had seen him as a rival .
PM said Mr Johnson 'suddenly realised' his competition was elsewhere .
Comes after he named Johnson, Osborne and May as potential successors .
Mr Cameron also admitted Bullingdon Club past 'cripplingly embarrassing'"
"The British government has announced an emergency response to a potential nuclear threat. The emergency response is focused on assessing the situation, containing the threat, and coordinating with international partners. The government has stated that the threat is a ""potential nuclear threat"" and that the United States is not currently at high risk. The US has been involved in the nuclear arms race for many years, including the development of nuclear weapons. The US has also been providing military assistance to countries like Iran and Russia. The government has stated that it is not yet ready to respond to the threat, but it is working to develop a comprehensive strategy. The US military has confirmed that",6.536684513092041,"Joseph Getty, 26, drove his Range Rover through Belgravia while drunk .
He has been banned from driving for 20 months and fined £1,000 .
Getty is the son of Getty Images founder and great-grandson of oil baron ."
"New: Chadian president wants journalists, flight crew released. Red Cross, UNICEF, UNHCR interview children that charity tried to fly out of Chad. Most are not from Sudan and have families, agencies say. Six members of Zoe's Ark, 11 others under arrest in Chad.

Article: The lingerie-clad model whose sexy pregnancy selfies turned her into an overnight internet sensation has already snapped the first photo of her trimmed and toned post-baby physique in 'granny panties' - just four days after giving birth to her son. Sarah Stage, a 30-year-old from Los Angeles, came under fire during",5.0479607582092285,"Sarah Stage, 30, welcomed son James Hunter into the world last Tuesday .
The baby boy weighed eight pounds, seven ounces and was 22 inches long .
During her pregnancy Sarah was criticized for her trim figure and abs ."
"The world is facing a new crisis: a massive nuclear war between the United States and Iran. The news is spreading rapidly online, with many people expressing outrage and a desire to support the country's nuclear program. The US government is reportedly preparing to take action against Iran, and the country has already pledged to withdraw its nuclear weapons. The world is also facing a new challenge: the ongoing development of artificial intelligence and its potential impact on society. The internet is a major source of information and entertainment, with many people sharing their opinions and experiences on the topic. The crisis is causing widespread anxiety and concern, and there is a need for international",8.526320457458496,"More than 400 items from Rick Baker's Cinovation studio will be auctioned .
Artist has worked on hits like Men In Black, Batman Forever and Gremlins .
Baker worked on Michael Jackson's Moonwalker film and Thriller video .
This is first time these items from 64-year-old's collection open to public .
Auction will be held in Los Angeles, California, on May 29 and also online ."
"*   Harry Potter star Daniel Radcliffe has been granted access to a £20 million fortune as he turns 18 on Monday. He has no plans to spend the money on fast cars, drink and celebrity parties. He insists he has no plans to be one of those people who, as soon as they turn 18, suddenly buy themselves a massive sports car collection or something similar. Daniel Radcliffe said he's not going to be extravagant. He says he won't be particularly extravagant. He's always been a good fan of Harry Potter and the Order of the Phoenix. He is currently 18 years old and",5.719891786575317,"Joseph O'Riordan, 73, stabbed wife eight times after discovering her affair .
She was left with life-threatening injuries to her torso, chest, arms and back .
Yesterday Brighton Crown Court heard about deal he was ready to offer her .
He had told friend about the idea while in the pub just days before stabbing ."
"The family of a young man named Joseph and his wife, a woman named Sarah, have been embroiled in a legal dispute over a dispute between them regarding the whereabouts of their child.

Article:
A young man named Joseph and his wife Sarah have been embroiled in a legal dispute over the whereabouts of their child, known as a ""child custody dispute.""

Source: The Metropolitan Gazette

The article reports on the ongoing legal proceedings involving the father and son of a young boy, Joseph, and the mother of the child, Sarah. The case is currently being investigated by the Department of Justice.

The article also mentions that the child'",6.057798147201538,"LA Angel Josh Hamilton filed for divorce from Katie two months ago .
Was around the same time he admitted to a drugs and alcohol relapse .
Reality star insisted there was no 'big fight or blow up' causing the split .
Has maintained she still loves him and will always stand by him ."
"New: New: Chadian president wants journalists, flight crew released. New: BBC, Reuters, CNN, The Associated Press, The Washington Post, The Guardian, The New York Times, The London Times, The New Yorker, The New York Times, The New York Times, The New Yorker, The New York Times, The New York Times, The New York Times, The New York Times, The New York Times, The New York Times, The New York Times, The New York Times, The New York Times, The New York Times, The New York Times, The New York Times, The New York Times, The New York",5.542228698730469,"Olivia, 28, has teamed up with luxury British brand to create £995 bag .
Comes with built-in phone charger and all proceeds will go to charity .
Pippa Middleton, Kim Sears and Mollie King are fans of luxury brand ."
"New York City FC manager Jason Kreis is facing a difficult period after a patchy start to the season. The pressure is immense, and the team is under immense pressure to win. The team is struggling to find the right players to start the season, and the pressure is particularly high due to the recent loss of the Yankees in the FA Cup. Despite the pressure, the team is still determined to win and are looking for a new coach. The team is working hard to improve and find a new coach.
Article: London, England (CNN) -- The Harry Potter star Daniel Radcliffe has been granted a lucrative contract with the UK Broadcasting Corporation (",6.68283748626709,"New York City FC's patchy start to the season continued .
Mehdi Ballouchy put the home side ahead but CJ Sapong levelled late on .
City have won just one of their opening six matches in MLS .
David Villa was forced off at half time with a hamstring strain ."
"Article: London, England (CNN) -- A French Foreign Minister has spoken to a young man in London about the potential for nuclear weapons development. The Foreign Minister has stated that France is prepared to take a different approach to the nuclear program, emphasizing the importance of nuclear safety and the need for a more measured approach to the use of nuclear energy. The Foreign Minister also expressed concerns about the potential for a nuclear strike on Iran, stating that France is willing to take a more measured approach to the nuclear program. The Foreign Minister also stated that the United States is unlikely to be a major nuclear supplier. The Foreign Minister has been a vocal critic of",6.03879451751709,"Andrea Pirlo scored a stunning free-kick for Juventus against Torino .
However, Juve fell to a 2-1 defeat and missed the chance to wrap up their fourth consecutive Serie A title .
Despite the loss, Juve remain 14 points clear at the top of the league table .
Pirlo is still playing at the top of his game at 35-years-old ."
"*   French Foreign Minister Bernard Kouchner has been told to prepare for the possibility of war with Iran.
*   French foreign minister has been briefed on the possibility of a surprise appointment to Nicolas Sarkozy's conservative government.
*   French foreign minister has been tasked with meeting with children in Abeche, Chad.
*   The international red cross, UNHCR, and UNICEF have reported on the situation in Abeche.
*   The agency has been interviewing the children in Abeche.
*   The charity's investigation into Zoe's Ark has been challenging due to the number of children, youth and the region",7.05896258354187,"Arcade staff discovered the baby girl in the disabled toilets last night .
The newborn was taken to hospital and is described as 'safe and well'
The baby has been named April by staff at Ormskirk Hospital in Southport .
Police say the mother has been found and is receiving medical treatment ."
"New: French Foreign Minister Bernard Kouchner has made a statement that France has to prepare for the possibility of war against Iran. Was a surprise appointment to Nicolas Sarkozy's conservative government. Also the first French Foreign Minister to visit Iraq since 1988. Founder of Medicins Sans Frontiers, also French student leader in May 1968.

Article: London, England (CNN) -- The French Foreign Minister, Bernard Kouchner, has announced a statement that France must prepare for the possibility of war against Iran. Was a surprise appointment to Nicolas Sarkozy's conservative government. Also the first French Foreign",5.216258764266968,"Gavin Tobeck of Washington was attacked by one-and-a-half-year-old Smash while in his backyard on April 1; he was released late on Tuesday .
During the attack, his mother's friend dumped a cup of hot coffee on the dog to get him to release his grip on Gavin .
The boy suffered from a broken cheekbone, jaw and nose bridge and lost five baby teeth and three permanent tooth buds .
Smash is scheduled to be euthanized on Saturday by Thurston County Animal Service ."
"New: Chadian president wants journalists, flight crew released. New: Red Cross, UNICEF, UNHCR interview children that charity tried to fly out of Chad. Most of the 103 children that a French charity attempted to take to France from Chad for adoption are neither Sudanese nor orphans, three international aid agencies reported on Thursday. Hundreds of women protest child trafficking and shout anti-French slogans. Six members of Zoe's Ark were arrested last week as they tried to put the children on a plane to France, where the charity said host families were waiting to take the children in. Three French journalists, a seven-member Spanish flight crew",5.19232177734375,"SBS sports journalist Scott McIntyre made the comments on the 100th anniversary of the Gallipoli campaign .
He accused Anzac's of war crimes and mocked their bravery .
Outraged social media users launched the hashtag #sackScottMcIntyre .
Minister for Communications Malcolm Turnbull called the comments 'inappropriate' and 'despicable' and called for their condemnation ."
"* New: Rory McIlroy returns to Augusta National, ready to take the Masters.
* New: Roy Lynn Oakley is in court for a cybercrime case.
* New: Roy Lynn Oakley appears in court in Tennessee after surrendering.
* New: Roy Lynn Oakley's job was to break machine parts into pieces.
* New: Roy Lynn Oakley's job was to break machine parts into pieces.
* New: Roy Lynn Oakley's job was to break machine parts into pieces.
* New: Roy Lynn Oakley's job was to break machine parts into pieces.
* New: Roy Lynn Oakley",5.492051362991333,"Rory McIlroy is favourite to win the 79th Masters at Augusta National .
Bubba Watson is the defending champion and chasing a third Masters win .
Tiger Woods returns to action but has no form and worries over his game .
Jason Day and other big-hitters look set for strong week at Masters 2015 .
COURSE GUIDE: McIlroy and more stars take you round Augusta National .
CLICK HERE for the Masters 2015 leaderboard ."
"New: French Foreign Minister calls on Iran to prepare for war with Iran. Was a surprise appointment to Nicolas Sarkozy's conservative government. Also the first French Foreign Minister to visit Iraq since 1988. Founder of Medicins Sans Frontiers, also French student leader in May 1968.

Article: ABECHE, Chad (CNN) -- Most of the 103 children that a French charity attempted to take to France from Chad for adoption are neither Sudanese nor orphans, three international aid agencies reported on Thursday. Hundreds of women protest child trafficking and shout anti-French slogans against French military personnel. Six",5.2980029582977295,"Wayne Rooney tells Juan Mata 'every day' England can win Euro 2016 .
Mata was voted Manchester United's player of the month for March .
Manchester United take on Aston Villa in the Premier League on Saturday ."
"New: Harry Potter's Hogwarts School of Witchcraft and Wizardry is undergoing a massive restructuring.
New: Harry Potter's first Hogwarts Classroom is set to be opened in 2024.
New: Harry Potter's first Hogwarts Spell is due to be cast in 2024.
New: Harry Potter's first Hogwarts school is set to open in 2024.
New: Harry Potter's first Hogwarts spell is due to be cast in 2024.
New: Harry Potter's first Hogwarts school is set to open in 2024.",6.707604169845581,"Tim Sherwood saw Aston Villa go behind twice before clinching a point in Tuesday's 3-3 draw with QPR .
Christian Benteke scored a hat-trick for the home side as the  relegation strugglers shared the points at Villa Park .
Villa have six  games to secure Premier League safety - including trips to Man City, Tottenham and Southampton ."
"This week, Chelsea has drawn against Stoke City, and the Premier League is in a very tight position. Chelsea has won 10 and lost just one of the 13 Premier League matches with Stoke. Chelsea has won 10 and lost just one of the 13 Premier League matches with Stoke. Chelsea has won 10 and lost just one of the 13 Premier League matches with Stoke. Chelsea has won 10 and lost just one of the 13 Premier League matches with Stoke. Chelsea has won 10 and lost just one of the 13 Premier League matches with Stoke. Chelsea has",6.327089786529541,"Diego Costa to be given late fitness test following hamstring injury .
John Obi Mikel will not be included despite recovering from knee injury .
Jon Walters expected to shake off a calk knock for Stoke City .
Marc Muniesa expected back after five games out with hamstring problem ."
"* Harry Potter star Daniel Radcliffe gains access to a reported £20 million fortune as he turns 18 on Monday, but he insists the money won't cast a spell on him. Harry Potter is turning 18 on Monday, but he insists he has no plans to fritter his cash away. Radcliffe's earnings from the first five Potter films have been held in a trust fund which he has not been able to touch.
* Harry Potter star Daniel Radcliffe gains access to a reported £20 million fortune as he turns 18 on Monday, but he insists the money won't cast a spell on him",5.210517644882202,"Michael Carrick impressed during England's draw with Italy last week .
But the midfielder has been ordinary in his nine competitive starts .
England won four of those -  Ecuador, San Marino, Poland and Lithuania .
England bosses consistently preferred Steven Gerrard or Frank Lampard ."
"New England Area 2023 is a small town with a population of 10,000. The town is known for its strong sense of community and strong sense of tradition. The town is located in the state of New Hampshire. The town is known for its beautiful scenery, including mountains, forests, and lakes. The town is known for its strong sense of tradition. The town is also known for its friendly people. The town is known for its beautiful scenery. The town is known for its strong sense of community. The town is also known for its friendly people.

Article: A young man, 1",5.727240324020386,"Paul Johnson-Yarosevich, 34, has been charted with prohibited use of a computer ."
"New: Chadian president wants journalists, flight crew released. New: Red Cross, UNICEF, UNHCR interview children that charity tried to fly out of Chad. Most are not from Sudan and have families, agencies say. Six members of Zoe's Ark, 11 others under arrest in Chad.

Article:",2.623420000076294,"Luke Shambrook was last seen leaving Candlebark Campground on Friday .
There has been an unconfirmed sighting of Luke with police acting quickly .
The 11-year-old was reportedly seen walking 4 kms from his campsite .
Police remain hopeful they will find Luke, who has 'high pain tolerance'
Luke has limited speech and his family says he is probably confused .
A large search is being carried by a medley of search and rescue teams .
Police also said conditions are favourable for his survival overnight .
They have issued an extensive description of Luke and his clothing ."
"The article discusses the recent developments in the world of sports, focusing on the rise of new technologies and the potential for a future of sports competition.

Article: The impact of AI on various aspects of society is being discussed in the United States.

The article discusses the current state of the United States, including the rise of artificial intelligence, the impact of AI on various aspects of society, and the ongoing debate about the future of the United States.

The article mentions the recent developments in the United States, including the rise of artificial intelligence, the impact of AI on various aspects of society, and the ongoing debate about the future of the",5.330574989318848,"Arsene Wenger called for the competition to be scrapped last year .
And Jose Mourinho is in agreement with his great Premier League rival .
The Chelsea boss said: 'Wenger is against the Ballon d’Or, and  he’s right'
They are seven points ahead of Arsenal with a game in hand .
Mourinho: I have a problem, I am getting better and better ."
"New: The United States is now facing a devastating economic crisis, with the country's economy plummeting. The United States government is facing a series of economic challenges, including rising interest rates, inflation, and a growing number of job losses. The government is facing significant challenges in managing the economy and is working on various strategies to address the crisis. The United States is facing a severe economic crisis, and the government is facing a series of economic challenges. The United States government is facing a serious economic crisis. The United States government is facing a severe economic crisis. The United States government is facing a serious economic crisis. The United States government",5.619112491607666,"John Carver insist he's enjoying the Newcastle job despite his results .
The 50-year-old believes he's getting the best out of the players .
Newcastle have won just twice since Carver took charge at the club .
CLICK HERE for all the latest Newcastle United news ."
"New: French Foreign Minister Bernard Kouchner has announced that France has been prepared for the possibility of war against Iran. The news is not conventional diplomatic behavior, but it is not a surprise. French foreign minister Bernard Kouchner has a reputation for challenging convention and authority. A surprise appointment from the Socialist ranks to Nicolas Sarkozy's conservative government has also been announced. The former UN Secretary General Boutros Boutros-Ghali once called Kouchner 'an unguided missile' and the man himself has been known to declare: ""To change the law you sometimes have to break the law."" He was in his youth one of",5.365814685821533,"Vulcan plans to use new engines, mid-air recovery and new upper stage .
Engines will separate after launch and be picked up by helicopter mid-air .
Reusable rockets could end US dependence on Russian rocket engines .
SpaceX today also attempted to prove that reusable rockets are viable ."
"New: The British government has announced a plan to deploy a large number of military personnel to support the United States' nuclear program, to counter Iran's nuclear program. The plan involves a large-scale military operation to support the nuclear program, and is expected to be implemented in the near future. The announcement came after the United States' nuclear program was widely criticized by experts and the public. The plan involves a large-scale military operation to support the nuclear program and counter Iran's nuclear program. It is expected to be implemented in the near future. The announcement was made by President Bush, who stated that he will ""sadly",6.174013137817383,"Woman charged with assault after attacking 16-year-old McDonald's worker .
Amy Johnson, 38, said the fries had fallen out of their containers .
McDonald's worker used her hands to put them back in the packet .
Johnson ordered new ones and grew angry, going inside the store .
Police have said Johnson aggressively grabbed the teen around the neck .
She stayed silent through today's court proceedings and didn't enter a plea .
She spoke outside court saying the teenager called her a 'dog'"
"The new official, a refugee, has been summoned to the Djibouti embassy to meet with the international community to discuss the situation in Djibouti.
The camp is a small, modest structure with a limited number of residents, many of whom are refugees from various countries. The camp is known for its limited resources and its lack of amenities.
The camp was established in 1985 by a group of refugees who were trying to find a place to live in Djibouti. They were initially unsuccessful and were eventually moved to a temporary settlement in the Ethiopian border area.
The camp is a haven for refugees, offering a safe and secure environment for",5.895077705383301,"For 25 years, Ali Addeh refugee camp has been a holding point for those fleeing into Djibouti .
Many come from Somalia, Ethiopia and especially Eritrea -- which is ruled by a one-party state .
Despite the risks, Eritrean refugees say they'd risk their lives with people smugglers ."
"*   French Foreign Minister Bernard Kouchner has been appointed as the new Foreign Minister of France.
*   The new Foreign Minister will be appointed by the President of France to deal with the challenges of the transition to a new government.
*   Kouchner has been a vocal critic of the French government's approach to the country's nuclear program, particularly regarding the use of nuclear weapons.
*   He is expected to be in France for a week to speak with the citizens and to provide advice on the country's nuclear program.
*   Kouchner has been a vocal advocate for the French government'",7.528152704238892,"John Pat Cunningham, 27, was shot dead by the Army in a field in 1974 .
British government later apologised and investigation re-opened this year .
Dennis Hutchings appeared in court today and was released on bail .
He was arrested in England and taken to Northern Ireland for questioning ."
"*   The 103 children who a French charity attempted to take to France for adoption were neither Sudanese nor orphans, three international aid agencies reported on Thursday.
*   Thousands of women protested child trafficking and shout anti-French slogans.
*   Six members of Zoe's Ark, 11 others under arrest in Chad.

Article: UEFA has set a potentially dangerous precedent by ruling that the final 18 seconds of England Women's U19 European Championships qualifier against Norway will be replayed after a refereeing mistake. The Elite Round Group 4 qualifier will be restarted at 9:45pm",5.943979263305664,"UEFA have ordered the final 18 seconds of the qualifier to be replayed .
England will resume the match against Norway from the penalty spot .
The Elite Round qualifier resumes in Belfast on Thursday at 9:45pm .
Referee Marija Kurtes incorrectly awarded an indirect free-kick to Norway for encroachment after disallowing England's penalty on Saturday .
England were 2-1 down to Norway at the time in the 96th minute .
German Kurtes, 28, has been sent home following her error .
Three Lions earn 3-1 victory against Switzerland meaning a 2-2 will be enough for European Championship qualification .
Norway beat Northern Ireland 8-1 to keep things tight in Group 4 .
It is the first time ever that a decision like this has been taken by UEFA .
Watch VIDEO below of the controversial penalty incident .
READ: Graham Poll's expert verdict on UEFA's bizarre decision ."
"New:  Chadian president wants journalists, flight crew released. Red Cross, UNICEF, UNHCR interview children that charity tried to fly out of Chad. Most are not from Sudan and have families, agencies say. Six members of Zoe's Ark, 11 others under arrest in Chad.

Article:  London, England (CNN) -- The British government has announced plans to strengthen its efforts to combat the rise of ISIS, including a potential national-level initiative to bolster its military forces. The government's top advisor, Mr. Sunak, stated that the UK government is moving ahead with a comprehensive strategy to address the threat of",5.617338418960571,"Miliband’s approach was as choreographed as a Torville and Dean routine .
Cameron kept firm hand on the leadership rudder and made no mistakes .
Clegg's smooth performance was a complete re-run of his 2010 routine .
Farage was diminished during debate, perhaps the night's only casualty .
Sturgeon, Wood and Bennett took him down with series of small swats .
Sturgeon’s speech about ‘breaking up old boys network' finished off coup ."
"New: Parisian artist, known for her vibrant paintings, has been accused of stealing a valuable piece of art.
New: French foreign minister, known for his strong stance on LGBTQ+ rights, has been accused of supporting a right-wing political party.
New: French journalist, known for his investigative reporting, has been accused of being biased towards a particular political party.
New: French politician, known for his strong statements on social issues, has been accused of supporting a conservative party.
New: French journalist, known for his investigative reporting, has been accused of being biased towards a particular political party.
New: French politician",5.61868953704834,"In the midst of the worst storm in New South Wales in a decade people got creative with their Photoshopping skills .
While there were many genuine dramatic photos of the devastation caused, the fake ones also caused confusion .
The more unbelievable Photoshop jobs included a photo of Noah's ark majestically cruising into Sydney Harbour ."
"*   The BBC is reporting on the latest developments in the ongoing race to develop new technologies.
*   The BBC has been covering a variety of news stories, including the development of new medical devices, the ongoing debate about the ethical implications of AI, and the impact of AI on the job market.
*   The BBC will be sharing more information on these developments as they unfold.
*   The BBC will also be covering the latest news and developments in the world of politics, economy, and culture.

*   The BBC will be sharing more information on these developments as they unfold.
*   The BBC will also be",6.428568363189697,"Man United will pay their staff at least £7.85 an hour from July .
Premier League clubs will pay their staff living wage from next season .
Chelsea became the first professional club to enforce new ruling .
Manchester City are also committed to paying living wage ."
"The United Nations has announced a move to help refugees and displaced persons in Chad. The UN has agreed to provide financial assistance and support to those affected by the conflict in the region. The UN has also called for a formal mediation process to address the humanitarian crisis.
Here is a summary of the news:
The UN has announced a move to help refugees and displaced persons in Chad. The UN has agreed to provide financial assistance and support to those affected by the conflict in the region. The UN has also called for a formal mediation process to address the humanitarian crisis.
The UN has called for a formal mediation process to address the humanitarian crisis",5.784478425979614,"Tommy Connolly hadn't seen his teenage cousin Angela* in 10 years .
In December she told him she was homeless and 32 weeks pregnant .
The 23-year-old uni student told her to move in with him and supported her .
Now Mr Connolly, who lives on the Sunshine Coast, is helping raise her four-week-old baby boy ."
"New: A French foreign minister has been appointed to the position of chargé d'affaires to the United States. The appointment is being made by the White House press secretary, Dana Perino, in the context of the ongoing tensions between the US and France. The appointment is a significant step in the foreign minister's career. Perino has been a vocal advocate for the US-led intervention in Iraq, particularly in the aftermath of the war in Syria. She has also expressed her support for the US's commitment to human rights, emphasizing the importance of addressing the root causes of conflict. However, Perino has been criticized for her outspoken",5.871318101882935,"Two Mesquite, Texas police officers pulled Hector Valles, 25, from his burning SUV early Sunday after he swerved off the highway and crashed .
Officers Ryan Nielson and Autumn Soto managed to get Valles to safety just before his vehicle became fully engulfed .
Valles, whose clothes were burning when the officers dragged him to safety, is now recovering from burns and internal injuries in ICU ."
"New: In the UK, the number of abandoned horses has risen significantly, and many are being taken in by rescue organizations.

Article: LONDON, England (CNN) -- The number of abandoned horses in the UK has surged dramatically in the last month, with many being taken in by rescue organizations.

The news is that many rescued horses are still in a state of distress, with some being abandoned and others being taken in by animal welfare charities.

The rescue organizations are working to provide temporary care to the animals, including veterinary care, feeding, and transportation.

The number of abandoned horses in the UK is currently over 20",7.502196550369263,"Increasing costs mean few owners can keep up with looking after a horse .
With dwindling buyers more horses than ever are being abandoned .
Last year, the RSPCA alone took in 1,500, many of them family pets ."
"The United States has issued a statement urging citizens to remain calm and cooperate with the authorities, as they are investigating the alleged involvement of Iran. The statement includes a statement from the United States Special Operations Command (USOC) indicating that they have been working on a counter-terrorism strategy, and that they are aware of ongoing counter-terrorism operations in other countries. The USOC stated that they are aware of ongoing counter-terrorism operations in the Middle East and that they are working to remove the Iranian threat from the region. The statement also includes a statement from the United States Special Operations Command (USOC) indicating that they have been investigating the",5.592604160308838,"Faysal Mohamed, 17, pulled over along with two friends in Minneapolis .
The teens managed to film threatening language used by Officer Rod Webber .
Claim the officers trained their guns on the teenagers but let them go without charge ."
"New: Former government contract employee was indicted on charges of stealing restricted nuclear energy-related materials and putting the United States at risk, the Department of Justice announced Thursday. Sources say the classified materials were taken from the East Tennessee Technology Park. Roy Lynn Oakley, 67, of Roane County, Tennessee, was briefly detained for questioning in the case. He is a former employee of Bechtel Jacobs, the Department of Energy's prime environmental management contractor at the East Tennessee Technology Park, and a former student in May 1968.

Article: LONDON, England (CNN) --  The British government is currently considering a",5.155073881149292,"The Ibrox board last week launched a probe into claims Mike Ashley’s firm had taken ownership of intellectual property .
They are satisfied the position stems solely from the security attached to the loan from Sports Direct .
‘Although the trademarks are registered in Sports Direct’s name, the position is not as alarming as it may first appear,' a statement said ."
"This article reports on a dispute between the Bosnian defender, Emir Spahic, and the Bayern Munich striker, Philipp Lahm, during the quarter-final of the DFB-Pokal. The incident involved a physical altercation between the two players, with Spahic being restrained by a pitside staff member and Lahm being restrained by a pitchside staff member. After the game, the incident was referred to the public prosecutor in Cologne. Spahic is expected to be banned for five years, and the incident has been reported to the police. The investigation is ongoing, and the incident is likely to be revisited in the future.",5.424165964126587,"Emir Spahic appears to aim punches and headbutt at stewards in video .
His Bayer Leverkusen team lost on penalties against Bayern Munich .
Bosnian and his friends became involved in a disagreement with staff .
Police are now set to investigate the fighting and Spahic faces a ban ."
"The French Foreign Minister, Bernard Kouchner, has stated that France would be prepared to take a ""very serious"" action against Iran over its nuclear program, following the recent discovery of a significant breakthrough in the use of nuclear materials. The announcement was made during a press conference at the headquarters of the United Nations Security Council, where the head of the Security Council, the Secretary-General of the United Nations, stated that the United States has been preparing to help France in the process. The Secretary-General of the United Nations, António Guter-Rubenstein, emphasized that the United States is ""prepared to take a very serious action""",5.901683807373047,"Infant, known as Mary, was also found with two other drugs in her system .
She was discharged from hospital despite her parents being drug users .
The family from Liverpool were already well-known to local social services .
Came amid concerns about alcohol abuse, domestic violence and neglect ."
"The French Foreign Minister Bernard Kouchner has announced that France will be preparing for the possibility of war against Iran.
The French Foreign Minister's comments about the potential for war with Iran were not conventional diplomatic behavior.
A surprise appointment from the Socialist ranks to Nicolas Sarkozy's conservative government has been announced.
The first French Foreign Minister to visit Iraq since 1988.
The founder of Medicins Sans Frontiers, also a student leader in May 1968, is also a member of the French Communist Party.
The French foreign minister, known for his strong advocacy for human rights, supported the",5.247359752655029,"Customer witnessed dog being butchered at Lo Yen City restaurant .
It was killed to be served as a pork dish, it has been alleged .
Police raided the restaurant and arrested five people, including the owner .
Officials on the scene discovered a decapitated puppy in a rubbish bin ."
"Article: LONDON, England (CNN) -- The British government has announced that France will be taking more responsibility for nuclear weapons programs. French Foreign Minister Bernard Kouchner's statement was met with a mixture of surprise and some concern. Kouchner stated that France has a responsibility to ensure that its nuclear weapons programs are not used to destabilize the region. He also said that France will be taking more responsibility for the use of nuclear weapons in Pakistan, where the country has been involved in a nuclear conflict. Kouchner also stated that France will be taking more responsibility for the use of nuclear weapons in the Middle East, where the country",6.1480278968811035,"Paddy Morrall noticed image after wood was left in rain for several hours .
31-year-old said he was not normally a religious guy but it was Easter ."
"The British government has announced a plan to re-introduce the British Army into the United States. However, the announcement has been met with skepticism from some Republicans and Democrats, who argue that it's a move that would undermine the existing military order and could create a new, more authoritarian military. The plan includes a new, expanded training program, a new emphasis on non-commissioned officers, and a re-evaluation of the military's role in the economy. The British government has stated that the plan is subject to Congressional approval. The plan is expected to take effect immediately.
The article: French Foreign Minister Kouchner has",7.756585597991943,"What do funeral strippers, a quadruple rainbow and Kylie Jenner have in common? They all trended this week!"
"NEW:  Washington (CNN) --  White House press secretary Tony Snow, who is undergoing treatment for cancer, will step down from his post as the first French Foreign Minister to visit Iraq.  New:  Roy Lynn Oakley, 67, of Roane County, Tennessee, was arrested in federal court in Knoxville for allegedly stealing restricted nuclear energy-related materials and putting the United States at risk.  New:  The Department of Justice announced a classified file of the East Tennessee Technology Park, which was used to conceal the activities of uranium enrichment.  New:  The FBI has launched a joint investigation into the alleged plot to",5.592028856277466,"Spanish paper SPORT say Barcelona want to sign Juventus' Paul Pogba .
La Liga leaders are thought to be offering £50million for the midfielder .
Real Madrid are looking to win their last 10 games to overtake Barca ."
"New: French Foreign Minister Bernard Kouchner has stated that France has to prepare for the possibility of war with Iran. Was a surprise appointment to Nicolas Sarkozy's conservative government. Also the first French Foreign Minister to visit Iraq since 1988. Founder of Medicins Sans Frontiers, also French student leader in May 1968.

Article:",2.986541509628296,"Anthony Mann admitted killing his wife Janet who suffered from dementia .
Court heard how she begged for him to bring her suffering to an end .
He stabbed her in the chest after she became distressed at their home .
After stabbing her, Mann, 78, kissed his wife and told her: 'I love you'
Mann pleaded guilty to amended charge of manslaughter with diminished responsibility ."
"The United States has been putting the world on the defensive. It has been making a mistake in its partnership with other countries. The United States has been failing to build strong and credible special operations forces to deal with the threat of terrorism. The United States has been failing to provide long-term investment in special operations units. The United States has been failing to build credible special operations forces in key countries. The United States is not selling or giving our partners the capabilities they need to fight terrorism. The United States has been failing to develop long-term programs of record, bringing to bear all elements of national power as we did with Plan Colombia.",5.914591073989868,"Meaghan Keeler-Pettigrew, Stuart Bradin: U.S. must rethink special forces .
United States is spreading foreign military assistance too thin, they say ."
"The new edition of the ""British Journal of International Development"" (BJID) has been released. The journal features a detailed look at the impact of globalization on the development of the Middle East, including economic, social, political, and cultural developments. The journal explores the role of globalization in shaping the political landscape of the region, the rise of new ideologies, and the challenges faced by developing countries. The article discusses the role of globalization in the development of the Middle East, including economic growth, the spread of new technologies, and the rise of international cooperation. The journal also examines the impact of globalization on the social and cultural landscape of the",5.705012798309326,"ISIS snatched dozens of girls after storming the town of Sinjar last August .
Taken to warehouse where they were lined up and hand picked by fighters .
Survivor says she shakes with fear when she sees 'someone with a beard'"
Article: The United States Treasury Department announced Wednesday that the Treasury Department will be suspending all foreign-owned and foreign-made securities and assets in the United States. The announcement was made in response to a report from the Wall Street Journal that the Treasury Department had been reviewing foreign-owned and foreign-made securities and assets. The announcement was made in response to a report from the Wall Street Journal that the Treasury Department had been reviewing foreign-owned and foreign-made assets. The Treasury Department stated that the Treasury Department will be suspending all foreign-owned and foreign-made securities and assets. The announcement was made in response to a report from the,5.525824069976807,"Caroline Wozniacki took to Twitter to congratulate golfer Jordan Spieth .
Spieth won the first major of his career at the Masters in Augusta .
But fans were quick to question Wozniacki's motives following his win .
Many asked whether it was a dig at former fiancee Rory McIlroy .
CLICK HERE for more news and reaction to Masters 2015 ."
"New: French Foreign Minister Bernard Kouchner has been given a new term, and he is expected to be replaced by a deputy press secretary.
New: French foreign minister has been appointed to the position of deputy press secretary, Dana Perino.
New: White House press secretary Dana Perino has been appointed to the position of deputy press secretary, Dana Perino.
New: The French foreign minister has been appointed to the position of deputy press secretary, Dana Perino.
New: The White House press secretary Dana Perino has been appointed to the position of deputy press secretary, Dana Perino.

News:
The",6.4168174266815186,"Police worried about teen girl who has been missing since Friday afternoon .
Sally Gordon-Smith, 14, was last seen leaving her school near Melbourne .
Police confirmed she was still missing early on Saturday morning .
An image of Ms Gordon-Smith released in the hopes of finding her quickly ."
"The article reports on a recent episode of a news report, focusing on the launch of a new application for finding and managing online dating services. The story details a woman, Robyn Exton, who has launched a dating app for lesbians, making money by using her own platform to attract potential partners. Robyn, who grew up in Kent, is a bisexual woman who has struggled to find a partner and is now using her platform to attract potential matches. She is using her own platform to create a dating app, which she uses to help others find compatible partners. Robyn's success is attributed to her unique approach to dating, her ability to create",6.313562631607056,"How To Be A Young Billionaire airs tonight on Channel 4 .
Documentary features Robyn Exton, who's launching a lesbian dating app .
Tech entrepreneur Josh Buckley attempts to save his shrinking fortune ."
"New: Chadian president wants journalists, flight crew released. Red Cross, UNICEF, UNHCR interview children that charity tried to fly out of Chad. Most are not from Sudan and have families, agencies say. Six members of Zoe's Ark, 11 others under arrest in Chad.

Article:
London, England (CNN) -- British Foreign Minister Bernard Kouchner's declaration that France had to prepare for the possibility of war against Iran was not conventional diplomatic behavior. But then Kouchner was never expected to be a soft-soaper on the diplomatic scene. A surprise appointment from the Socialist ranks to Nicolas Sarkozy",5.0231804847717285,"Bronze buckle and whistle from AD 600 found in Cape Espenberg .
But bronze-working had not been developed at this time in Alaska .
Scientists believe artefacts were created in China, Korea or Yakutia .
Site may have been home to 'Birnirk' culture, whose people travelled on both sides of the Bering Strait ."
"* LONDON, England (Reuters) -- Nicholas Sarkozy is currently under house arrest, and his wife, Brigitte Macron, has announced that she will be stepping down from her role as President of the French Republic.
* France has been undergoing a lengthy process of restructuring, with the French government having been involved in the process for over 10 years.
* The French government has been working on various fronts, including the construction of the new presidential palace, the development of new infrastructure, and the implementation of reforms to modernize the French economy.
* The French government is also working on the implementation of a new government reform agenda, which",6.236325025558472,"Sportsmail have teamed up with Golfbidder for the giveaway .
The exclusive bundle includes a Callaway XR Driver, Callaway XR 3 Wood, Callaway XR Hybrid and a set of Callaway XR Irons .
A dozen Callaway Chrome Soft golf balls is also included .
CLICK HERE TO ENTER THE COMPETITION ."
"New: French Foreign Minister Bernard Kouchner has been appointed as the new head of the French Foreign Office, effective September 14. He has been appointed after a period of silence, as the head of the French Foreign Office. Kouchner has a reputation for challenging convention and authority, and a history of working with the US and other countries. The appointment is intended to be a change in the French foreign policy, with the aim of improving relations with the United States and other countries. He has been appointed after a period of silence, as the head of the French Foreign Office. He has a reputation for challenging convention and authority,",5.308686256408691,"Postman Adam Prowse danced with customer Nichola Sullings .
Pair boogied to Michael Jackson’s 'Don't Stop 'Til You Get Enough'
Adam has since received much admiration from female viewers .
Royal Mail said: ‘It is a pleasure to have him working for us’"
"Article: London, England (CNN) -- A British media outlet has revealed that the United Kingdom has been making significant strides in its relationship with Iran, with a significant amount of information being available online and through various online platforms. The UK government has been actively working to address Iran's nuclear program, and several UK authorities have been deploying teams to monitor and influence the situation. The UK government has been actively engaging with Iran, and various countries have been working to cooperate with the UK government. The UK government has also been trying to help Iran to avoid nuclear weapons, with the UK government having been involved in a joint initiative to discuss the nuclear",7.035243034362793,"James Faulkner joins Lancashire as their overseas player for the summer .
Australian was named man of the match during World Cup final win .
He will join up with county side after Indian Premier League commitments ."
"New: Chadian president wants journalists, flight crew released. Red Cross, UNICEF, UNHCR interview children that charity tried to fly out of Chad. Most are not from Sudan and have families, agencies say. Six members of Zoe's Ark, 11 others under arrest in Chad.

Article: LONDON, England (CNN) -- France Minister Bernard Kouchner's statement on the potential future of the nuclear program is unlikely to be a soft-soaper. However, the French Foreign Minister has a reputation for challenging convention and authority. A surprise appointment from the Socialist ranks to Nicolas Sarkozy's conservative government has always been",6.0528669357299805,"Eight guards at Nauru detention centre have been suspended .
They posted 'anti-Islamic' messages on social media and were pictured with Pauline Hanson at a recent Reclaim Australia rally .
The men contravened a policy that they display 'cultural sensitivity'"
"New: French Foreign Minister Bernard Kouchner has been appointed as the new Foreign Minister. The appointment was made by the Socialist party, which has been the dominant force in the French political landscape for the past decade. The appointment brings a new perspective on foreign policy and challenges the traditional views of the French government. The appointment is expected to be a significant move for the French government, and there are concerns that it will lead to a shift in the foreign policy towards a more assertive and challenging approach to international cooperation.

Article: London, England (Reuters) -- French Foreign Minister Bernard Kouchner has been appointed as the new Foreign Minister,",5.36868143081665,"Children drink 'excessive' amounts of energy drinks, teachers' union claim .
Drinks like Red Bull, Monster and Relentless are causing 'hyperactivity'
NASUWT likened caffeinated refreshments to 'readily available legal highs'
Of teachers surveyed 13% cited energy drinks as cause of bad behaviour ."
"The auction house, The Hard Rock Cafe, is set to host a live performance of ""The Monkees"" at the New York City Art Institute. The band will be performing in the live music area, with a live stage performance that will feature a DJ and a band of 11 musicians. The live performance will include a live show, a DJ, and a band of 11 musicians. The live performance will be held at the New York City Art Institute.
The auction house, The Hard Rock Cafe, is known for its lively atmosphere and high-quality, well-maintained spaces. The auction is open to the",6.312139511108398,"Items belonging to Davy Jones are to go on sale at an auction in New York .
British-born Jones best known for being member of the band The Monkees .
Memorabilia includes guitars, stage costumes and commemorative plaques .
Jones, who became a teen idol in the 1960s, died in 2012 at the age of 66 ."
"Article: LONDON, England (Reuters) -- The United Nations Secretary-General, António Guterres, has called for a global ceasefire in the ongoing Iran nuclear deal, stating that the US and other countries have refused to withdraw their missiles. The UN Secretary-General has stated that the US has refused to withdraw its missiles from Iran, and the other countries have refused to withdraw their missiles from Iran. The UN Secretary-General has stated that the US has refused to withdraw its missiles from Iran, and the other countries have refused to withdraw their missiles from Iran. The UN Secretary-General has stated that the US has refused to withdraw its missiles",5.457720518112183,"Mitchell is best know for her hits ""Big Yellow Taxi"" and ""Free Man in Paris""
Paramedics came to her Los Angeles home on Tuesday afternoon ."
"**Harry Potter** has been changed to a young actor. Harry Potter is 18 years old, and he is currently in a nursing home in London. He is very happy to be in this new environment. He is also learning to play the piano. He is also getting a new haircut. He is currently in the hospital, where he is undergoing treatment for cancer. He is also getting a new haircut. He is also starting to get a new haircut. He is also getting a new haircut. He is currently in the hospital, where he is undergoing treatment for cancer. He is also getting a new haircut. He is also getting",5.499712944030762,"Scientists say camel was left in Tulln after the 1683 siege of Vienna .
It would have shocked residents as camels were an alien species .
'They didn't know what to feed it or whether one could eat it,' study said .
Ottoman army used camels for transportation and as riding animals ."
"The French Foreign Minister Bernard Kouchner has been appointed as the new Minister of Foreign Affairs and Security to lead the country's efforts to counter Iran's nuclear program. Kouchner's appointment is considered a significant step forward in the country's efforts to secure its nuclear weapons. Kouchner's appointment was made following a surprise appointment to the Conservative party leadership. The appointment was made by the Socialist party, the founder of Medicins Sans Frontiers, who has always challenged convention and authority. The new Minister will be tasked with leading the country's efforts to protect its nuclear technology and pursue aggressive prosecution against those who attempt",6.165180444717407,"German photographer Dieter Klein travelled the world to find vintage cars left to crumble in leafy forests and fields .
Came across range of graveyards hosting all sorts of vehicles, including Jaguar XK120 worth £82,000 if restored .
Dieter, 57, from Cologne, first came across a Citroen truck dumped in a bush six years ago and became hooked ."
"*Harry Potter star Daniel Radcliffe has been welcomed back to the United Kingdom with immense joy after a long hiatus. He is now a successful actor, director, and producer, embarking on a new chapter in his career.
*Harry Radcliffe is currently working on his next project, a historical drama set in the 18th century, which will explore the social and political dynamics of the period.
*He is also working on a new film, ""The Last Starfighter,"" about a young man who is tasked with rescuing a plane from a terrorist attack.
*Harry Radcliffe's character, Harry Potter, has become a beloved figure",6.1501240730285645,"Study was conducted by National Evolutionary Synthesis Centre, Durham .
It suggests that societies with less access to food and water are more likely to believe in all-powerful, moralistic deities .
Research also uncovered link between a belief in high gods who enforce a moral code and  a strong social hierarchy ."
"The British and French government has announced a policy of no-nation and no-return policy for the citizens of both countries.
The UK government has announced a policy of no-nation and no-return for the citizens of France.
The United States has announced a policy of no-nation and no-return for the citizens of the United States.
The United States has announced a policy of no-nation and no-return for the citizens of the United States.
The United States has announced a policy of no-nation and no-return for the citizens of the United States.
The United States has announced a policy of",5.1561949253082275,"Spanish woman allegedly stabbed British partner and two children .
The family were found dead in a flat in Gibraltar earlier this week .
Anarda De La Caridad Perez Friman 'suffered from post-natal depression'
British man identified as John Joseph Shannon, 31, from Liverpool ."
"The 16-year-old boy, who was initially described as having a ""tummy-turning"" appearance, is reportedly having a serious case of acne, which has been diagnosed as a ""severe acne"" in his mouth. His mother, who is a renowned cosmetic surgeon, has been instructed to remove his acne. The child's mother is reportedly in a coma and is in a coma. The mother is reportedly in a coma. The child's mother, who is a renowned cosmetic surgeon, has been instructed to remove her acne. The child's mother is in a coma. The mother is reportedly in a coma",5.55861759185791,"Cosmetic dermatologist to the stars Fredric Brandt was found dead at his Coconut Grove home in Miami on Sunday, aged 65 .
Joy Behar tweeted: 'Dr Brandt was one of the sweetest, nicest, most generous people I have had the good fortune to meet & work with. He will be sorely missed'
Kelly Ripa, posted: 'My heart is breaking for the loss of Dr. Fredric Brandt. My friend. You will be missed forever and in my heart even longer'
Colleague Dr Robert Anolik, who worked with Brandt at his clinic, posted a moving tribute on Monday saying he had lost a 'close friend'
The City of Miami Police Department confirmed that Dr Brandt's death on Sunday was a suicide by hanging .
Brandt was said to have been 'devastated' over rumors comparing him to a character on the show, Unbreakable Kimmy Schmidt ."
"The British government has announced that the UK will not be holding any national holidays until next year. The agreement was reached after the UK government released a statement earlier this week, where it stated that the government was prepared to consider a national holiday for Anzac Day, which falls on a Saturday, to address the country's economic challenges. The statement included details on the specific holiday, the duration, and the expected impact on the economy. However, the UK government has stated that the government will not be holding any national holidays until next year. The agreement was reached after the UK government released a statement earlier this week, where it stated that the",6.156553745269775,"There is no Anzac Day holiday for most states as it falls on a Saturday .
Only Western Australia and some Canberra bureaucrats will get day off .
First time since 2009 Anzac Day has fallen on a Saturday .
Experts predict rise of up to 25 per cent of people calling in sick on Monday .
Some businesses told staff they risk their job if they fake a sick day .
Losses from absent employees estimated at $7.5m in Queensland alone ."
"Article: NEW: French Foreign Minister Bernard Kouchner has publicly stated that France has to prepare for the possibility of war against Iran. Was a surprise appointment to Nicolas Sarkozy's conservative government. Also the first French Foreign Minister to visit Iraq since 1988. Founder of Medicins Sans Frontiers, also French student leader in May 1968.

Article: ABECHE, Chad (CNN) -- A French charity, Zoe's Ark, has reported that 103 children, including Sudanese orphans, are no longer living with their families. Thousands of women are protesting child trafficking and shouting anti-",7.500205993652344,"Lisa Morgan, 40, amended site to claim her boyfriend had been unfaithful .
Top of the World Roofing website says it's 'ceased trading at present'
Site now claims boss was 'unfortunately found out to be cheating again'
Met Sean Meade, 45, in August but soon grew wary when he was never in .
Contacted his estranged wife, Jo, who told her he had cheated on her too ."
"The UK government is reportedly considering a new approach to tax reform, with a focus on reducing the burden on the tax payer. The government has announced a new package of tax cuts aimed at boosting the economy and reducing the tax burden on individuals. The proposed package includes a new tax on the income tax, a new tax on the value-added tax (VAT), and a new tax on the profits of businesses. The government is also considering a new tax on the income tax, a new tax on the value-added tax (VAT), and a new tax on the profits of businesses. The proposed package would be phased in over a period of",5.589905023574829,"Calum Chambers has played 35 times already for Arsenal this season .
Eric Dier has become an important first-team player at Tottenham .
John Stones has impressed for Everton after being moved to the middle ."
New: French Foreign Minister Bernard Kouchner has announced that France will prepare for possible war with Iran. He stated that France has to prepare for the possibility of war against Iran and has been briefed on the situation. French Foreign Minister Kouchner has been briefed on the situation and has been given the opportunity to speak with the Iranian government. He has also been briefed on the potential risks associated with Iran's nuclear program. The French Foreign Minister has also been briefed on the importance of safeguarding nuclear technology and pursuing aggressive prosecution against those who attempt to breach the safeguards and put that technology in the wrong hands. Kouchner's remarks are,5.43808126449585,"A host of footballing legends graced the field to raise money for charity .
Bazilian Ronaldo and Zinedine Zidane were among the stars taking part .
Clarence Seedorf, Fabian Barthez and Gianluca Zambrotta also played .
As did Jay-Jay Okocha, David Trezeguet and Vladimir Smicer ."
"New: Chadian president wants journalists, flight crew released. Red Cross, UNICEF, UNHCR interview children that charity tried to fly out of Chad. Most are not from Sudan and have families, agencies say. Six members of Zoe's Ark, 11 others under arrest in Chad.

Article:
LONDON, England (CNN) -- The UK's Foreign Secretary, Bernard Kouchner, is under scrutiny for his controversial remarks about Iran and its nuclear program. Kouchner, who is receiving treatment for cancer, has been fired from his position as the head of the UK’s Foreign Office, which has been under increasing",6.869136095046997,"Melbourne based fashion brand Elliott Label makes it in Hollywood .
Founder Kylie Gulliver has partnered with Pussycat Dolls' Robin Antin .
The pair initially met through Instagram .
Stars including Drew Barrymore and Mimie Elashiry attended US launch .
The luxe label features leather staples and tailored pieces in range .
Next the design duo are set to launch sport range ."
"AFP News reports that the French Foreign Minister has been scheduled to meet with the US military to discuss the ongoing issue of Iran nuclear program. The meeting is expected to be a crucial discussion for the US military, with the US military seeking to address the issue and potentially involve the US in a new military operation.

The text contains several unrelated news items, including:

* A report on the high-profile arrest of a man in Chad for stealing a significant amount of nuclear energy materials.
* A statement from the US Secretary of State, Antony Blinken, stating that France has been preparing for a possible war against Iran over its nuclear program",5.754829168319702,"Floyd Mayweather takes on Manny Pacquiao in Las Vegas on May 2 .
The two men will split a $300m purse, with Mayweather taking 60 per cent .
The fight has been five years in the making and was agreed in February .
It pits the two pound-for-pound boxers in the world against each other .
Mayweather-Pacquiao is 11 days away... why are there no tickets on sale?"
"New: French Foreign Minister Bernard Kouchner has been appointed as the new Foreign Minister of France. His appointment is part of a broader effort to strengthen France's presence on the world stage. Kouchner, the former Minister of Defence and President of the French National Assembly, has been in office for 15 years and has a strong reputation for his leadership. He is expected to lead France in a strategic and multilateral approach to foreign policy. Kouchner's appointment marks a significant step in strengthening France's international standing and its role in the global community. He is expected to bring significant new responsibilities to the Foreign Office",5.587713956832886,"Jim Murphy scored winning penalty in charity shootout in Edinburgh .
Game put on for terminal Motor Neurone Disease sufferer Gordon Aikman .
Mr Aikman was diagnosed with the terminal condition less than a year ago .
He has raised over £250,000 for research into a cure through his campaign ."
"*BBC News reported that the British government has been conducting a ""strict"" and ""aggressive"" campaign to try to suppress the use of nuclear weapons.
* The campaign is being conducted across the country, with efforts to target certain areas and individuals.
* The BBC has stated that the government is working to reduce the number of nuclear weapons, but the campaign is not aimed at preventing the use of nuclear weapons.
* The BBC has also noted that the campaign is being carried out in a variety of ways, including protests, rallies, and social media campaigns.
* The BBC has stated that the government is working to reduce the number",5.337299108505249,"Nick Clegg lists why Lib Dem support 'collapsed' in Economist interview .
Blames 'protest voters' who didn't want to take responsibility for collation .
Claimed public sector workers left because pensions hit and jobs cut .
Says those reasons were more important than policy decisions he made .
Tory source says interview  'sums up' Clegg, who 'is like a petulant child'"
"NEW: The United States has made a significant commitment to the treatment of children in the treatment industry. The Department of Justice has announced that the department will be undertaking a new initiative to provide 100,000 beds for children in the treatment industry. The initiative will focus on providing a range of services, including education, therapy, and counseling, to children in the treatment industry. The department plans to increase the number of beds available and to expand the range of services offered. The initiative will be funded by a combination of government funding and private donations.
Article:
LONDON, England (Reuters) - Harry Potter star Daniel",5.9630351066589355,"Dramatic rescue led to the mainly-Burmese nationals being identified .
Vast majority of them said they were desperate to leave Benjina island .
Some wanted to stay - but only to demand their bosses hand over money .
Men said they were kidnapped or tricked into becoming fisherman slaves ."
"New: French Foreign Minister Bernard Kouchner has made a public statement that France had to prepare for the possibility of war with Iran. The statement was not intended to be a soft-soaper on diplomatic behavior, but rather a surprise appointment from the Socialist ranks to Nicolas Sarkozy's conservative government. The appointment was made following a surprise appointment from the Socialist ranks to the former UN Secretary General, Boutros Boutros-Ghali. Kouchner stated that France would be prepared for the possibility of war with Iran, citing the need to ensure the safety and security of its citizens. The statement was not intended to be a direct statement",6.8942036628723145,"Ben Affleck admits he asked PBS show ""Finding Your Roots"" to avoid mentioning his slave-owning ancestor .
Dean Obeidallah says the actor and the show were right to leave the detail out ."
"The French Foreign Minister Bernard Kouchner has announced that France has to prepare for the possibility of war with Iran. The news was not presented as a diplomatic move, but as a surprise appointment to Nicolas Sarkozy's conservative government. The announcement was made during a phone call with the President of Iran, Roshan, who expressed his deep concern about the nuclear program and his hope for a peaceful resolution to the crisis. Kouchner stated that France would be prepared for the possibility of war against Iran and would be working to secure the release of three journalists arrested in Chad, including a seven-member Spanish flight crew and one Belgian. The",5.518935203552246,"Victoria Wasteney argues tribunal decision was against her human rights .
Disciplined after Muslim colleague claimed she was trying to convert her .
Appeal backed by Christian Legal Centre and human rights barrister ."
"The 103 children a French charity tried to take to France for adoption are not from Sudan and have families, agencies say. Hundreds of women protest child trafficking and shout anti-French slogans.

Article: LONDON, England (CNN) -- British Foreign Minister Bernard Kouchner's declaration that France had to prepare for the possibility of war with Iran was not conventional diplomatic behavior. However, Kouchner was never expected to be a soft-soaper on the diplomatic scene. A surprise appointment from the Socialist ranks to Nicolas Sarkozy's conservative government has always challenged convention and authority. The former UN Secretary General Boutros Bout",5.402755498886108,"Liberty Baker was killed as she walked to school in Witney, Oxfordshire .
Robert Blackwell, 19, was texting at the wheel at the time of the crash .
The teenager had been smoking drugs the day before the crash last June .
Liberty's father, Paul Baker, waved her off to school just moments earlier .
He said the family had been left 'devastated' by the shortness of sentence .
For confidential support call the Samaritans in the UK on 08457 90 90 90, visit a local Samaritans branch or click here for details ."
"The French Foreign Minister has stated that France is preparing for the possibility of war with Iran. The French Foreign Minister has also been interviewed by the French news agency, The Associated Press. The French Foreign Minister has stated that France is preparing for the possibility of war with Iran. The French Foreign Minister has also been interviewed by the French news agency, The Associated Press. The French Foreign Minister has stated that France is preparing for the possibility of war with Iran. The French Foreign Minister has also been interviewed by the French news agency, The Associated Press. The French Foreign Minister has stated that France is preparing for the possibility of war with Iran. The French",7.321279764175415,"Sjaak Rijke saved by French troops who captured jihadis and killed others .
No word on two other men including South African with British citizenship .
Dutch Minister: 'I'm happy this terrible period has been brought to an end'"
"New: French Foreign Minister Bernard Kouchner has told France to prepare for possibility of war with Iran. Was a surprise appointment to Nicolas Sarkozy's conservative government. Also the first French Foreign Minister to visit Iraq since 1988. Founder of Medicins Sans Frontiers, also French student leader in May 1968.

Article: ABECHE, Chad (CNN) -- France Foreign Minister Bernard Kouchner has told France to prepare for possibility of war with Iran. Was a surprise appointment to Nicolas Sarkozy's conservative government. Also the first French Foreign Minister to visit Iraq since 1988",5.212109088897705,"Virginia Roberts is being sued for defamation by lawyer Alan Dershowtiz .
Model agency owner Jean Luc Brunel said he is considering legal action .
Comes after judge orders Roberts' sex slave claims struck from the record ."
"The UK government has announced a new directive to strengthen the relationship between the UK and the US, emphasizing the importance of the US's nuclear program and the need for a strong, assertive stance in the face of Iran's nuclear program. The directive includes provisions for increasing the US's nuclear arsenal, strengthening its intelligence capabilities, and encouraging US leaders to be more assertive in responding to Iran's nuclear program. The UK government emphasizes that the US must be prepared for a major shift in the global balance of power and that the US must be prepared to defend its interests in the region, particularly in the Middle East. The directive is part",5.968338251113892,"Victor Agbafe, 17, is currently attending Cape Fear Academy in Wilmington .
He plans to double major in microbiology with government or economics .
Smart young man faces tough choice after being accepted into 14 colleges .
He credits his mother, a Nigerian immigrant and physician, for his success .
Will make decision this month and he hopes to become a neurosurgeon ."
"New: Former England captain Kevin Sinfield has been warned he will be a 'target' when he makes the switch to rugby union at the end of the season. Sinfield, 34, the greatest captain in Leeds' history, stunned the world of rugby league on Tuesday with his sudden announcement that he will quit the sport at the end of the season and join the Rhinos' sister club Yorkshire Carnegie on an 18-month contract. Leeds Rhinos captain Kevin Sinfield is to switch codes and join Yorkshire Carnegie at the end of the season. Castleford head coach Daryl Powell, the man who made Sinfield captain at",5.069997549057007,"Kevin Sinfield has announced he is leaving Leeds at the end of the season .
The 34-year-old will cross codes to join sister club Yorkshire Carnegie .
Former England captain has won six Super League titles with the Rhinos ."
The British government has announced a new policy to address the risks posed by Iran's nuclear program. The main goal is to prevent Iran from developing a nuclear-armed state. The UK government has announced a new policy to prevent Iran from developing a nuclear-armed state. The UK government has announced a new policy to prevent Iran from developing a nuclear-armed state. The UK government has announced a new policy to prevent Iran from developing a nuclear-armed state. The UK government has announced a new policy to prevent Iran from developing a nuclear-armed state. The UK government has announced a new policy to prevent Iran from developing a nuclear-armed,5.560087442398071,"Ciudad Real airport was built in 2009 at a cost of more €1billion – Spain’s economy having taken off .
It was closed just three years later when its parent company fell into financial difficulties .
The airport was designed to cater for Spain's booming economy to serve both city and coast via high speed rail link ."
"The French Foreign Minister Bernard Kouchner has been replaced by Dana Perino, the White House press secretary, as he is undergoing treatment for cancer.
The White House press secretary Dana Perino has been appointed to replace the former French Foreign Minister, Bernard Kouchner, and will be replaced by the new press secretary, Dana Perino.
The White House press secretary Dana Perino has been appointed as the first French Foreign Minister to visit Iraq since 1988.
The Red Cross, UNICEF, UNHCR, and the United Nations have been interviewed by the journalists and flight crew about the situation in Iraq.
The French",6.560797691345215,"New Yorker Sarah Reign, 26, is a security guard by day but earns extra money by eating fast food and sugary treats while men watch .
Weighs 400lbs and has gained 84lbs since she started eating on camera .
Has branched out to sitting on male clients who enjoy being smothered .
Admits she finds eating for paying customers 'an ego boost'"
Article:,0.1603257656097412,"Global demand soaring as people develop passion for almond-based foods .
The nuts have become California’s second biggest agricultural commodity .
The problem is that almonds guzzle water on a monumental scale .
It's been calculated that it takes 1.1 gallons of water to grow single almond ."
"New: French FM Kouchner has told France to prepare for possibility of war with Iran. Was a surprise appointment to Nicolas Sarkozy's conservative government. Also the first French Foreign Minister to visit Iraq since 1988. Founder of Medicins Sans Frontiers, also French student leader in May 1968.

Article: ABECHE, Chad (CNN) -- Most of the 103 children that a French charity attempted to take to France from Chad for adoption are neither Sudanese nor orphans, three international aid agencies reported on Thursday. Hundreds of women protest child trafficking and shout anti-French slogans Wednesday in",5.093311071395874,"The Queen crossed her fingers as Ring of Truth galloped home .
Unfortunately, the two-year-old thoroughbred was pipped to the post .
She had another runner later in the afternoon which managed third ."
"This is a report from the Washington, D.C. bureau of the Department of Homeland Security. The report details the situation in the area of the Panama City Beach, Florida, where a man was reportedly involved in a violent crime. The report details the alleged crime, the alleged victim, and the search and rescue efforts. The report also includes the report of the police who found the scene, and the report of the Federal Bureau of Investigation (FBI) who conducted a search and rescue operation.
The report also includes a brief summary of the actions of the authorities who were involved in the search and rescue operation.

*Photo: A",5.47729229927063,"Police in Troy, Alabama, found the video while investigating a shooting .
Video 'shows two men raping unconscious woman on Florida beach'
Authorities say hundreds of people walk past but don't intervene .
Troy University students Delone' Martistee, 22, and Ryan Austin Calhoun, 23, have been arrested in connection with the alleged incident ."
"The British government has announced a move to remove the National Security Agency (NSA) from the White House and to appoint a new Chief of Staff to the White House. The announcement comes after the National Security Agency (NSA) had been removed from the White House in 2009. The White House press secretary, Anthony Snow, stated that the new Chief of Staff will be appointed by the President, and that the White House will be ""adhering to the highest ethical standards."" He also indicated that the White House will be ""adhering to the highest ethical standards"" for the new Chief of Staff, and that the White",5.649992227554321,"The rapper/entrepreneur went ""stream of consciousness"" on Twitter .
He asked users to be patient with Tidal, his new music streaming service .
A parody account was set up to mock his hashtag ."
"New: French Foreign Minister Bernard Kouchner has announced that France has to prepare for the possibility of war against Iran.
New: Roy Lynn Oakley, a former French government employee, has appeared in court after surrendering to the allegations of kidnapping and extortion.
New: The United States has issued a statement from the White House, stating that it has decided to prepare for the possibility of war against Iran.
New: The Carter administration has been working to release the three journalists arrested in Chad.
New: The organization, Zoe's Ark, has been conducting interviews with children in Chad, with the children being asked questions about their",6.495302438735962,"James Ward-Prowse scored the winner for England U21s against Germany .
Southampton youngster practices free kicks like David Beckham and his childhood idol Steven Gerrard .
Saints boss Ronald Koeman has been giving him tips on dead balls ."
"New: French Foreign Minister Bernard Kouchner has been appointed as the new Foreign Minister of France, a move that has been met with mixed reactions. Kouchner was initially skeptical of the appointment, seeing it as a potential blow to his position. However, he has now expressed his confidence in the appointment, highlighting his commitment to France's security and defense. In a statement, Kouchner stated that he is determined to work with the government to address the security and defense challenges facing France. He emphasized the importance of maintaining a strong front line and the need for international cooperation to ensure the country's security. Kouchner also",5.923391103744507,"Hotels around the world are now hiring top designs to craft their uniforms .
Narcisco Rodriguez designed dresses for Park Hyatt New York hotel staff .
At Toronto's Shangri La Hotel, Sunny Fong was inspired by the Ming era .
London-based Nicholas Oakwell created a vintage look for the Rosewood ."
"* Harry Potter star Daniel Radcliffe has gained access to a reported £20 million fortune as he turns 18 on Monday, but he insists the money won't cast a spell on him.
* Daniel Radcliffe as Harry Potter in ""Harry Potter and the Order of the Phoenix"" to the disappointment of gossip columnists around the world.
* Harry Potter star Daniel Radcliffe as Harry Potter in ""Harry Potter and the Order of the Phoenix"" To the disappointment of gossip columnists around the world, the young actor says he has no plans to fritter his cash away on fast cars, drink and celebrity parties.
* Harry Potter",5.352216720581055,"Hattie Gladwell was fitted with an ileostomy bag in January this year .
She had undergone emergency surgery for ulcerative colitis .
The 19-year-old  blogs about her life with her bag fitted to small intestine .
She reveals all about her sex life and the effect it has on her confidence ."
"The UK government has announced a new initiative to address the growing concerns about nuclear weapons proliferation. The initiative involves a coalition of government agencies, including the Department of Defence, the Nuclear Regulatory Force, and the United Nations, working to strengthen international norms and enforcement of nuclear weapons treaties. The goal is to reduce the risk of nuclear weapons falling into the wrong hands and to prevent the use of nuclear weapons by terrorist groups. The initiative is expected to be implemented in the coming months, with a focus on strengthening international norms and enforcement of nuclear weapons treaties. The government is also working to address the growing concerns about the impact of nuclear weapons on global security.",5.599586725234985,"Gulam Chowdhury stabbed victim Mohammed Afzal 20 times in March 2014 .
Chowdhury quoted verses of the Quran before stabbing him repeatedly .
Mr Afzal had been also involved with Choudhury's girlfriend Nargis Riaz .
Chowdhury was convicted of murder and will be sentenced on May 1 ."
"Article: LONDON, England (Reuters) -- A man was arrested in a warehouse in London for allegedly stealing a nuclear energy-related material. Sources say the man, identified as Roy Lynn Oakley, was apprehended at the warehouse after being taken into custody by officers at the London Metropolitan Police. The man, 67, was known for his political views and was seen by some as a potential threat to the United States. He was taken into custody by the London Metropolitan Police after being questioned by the police at the warehouse. Authorities stated that the man was seen in the warehouse at approximately 10:45 pm on Tuesday. The Crown",6.043759346008301,"A Sydney woman has put up posters to find the man who lent his umbrella .
MissieSmile21 is 'actively looking' for the man with 'most beautiful smile'
The gentleman helped her cross a road during Tuesday nights' downpour ."
"New:  French Foreign Minister Bernard Kouchner has announced that France will prepare for the possibility of war against Iran.
NEW:  France has decided to prepare for war with Iran.
NEW:  French foreign minister Bernard Kouchner has stated that France has decided to prepare for war with Iran.
NEW:  French foreign minister Bernard Kouchner has announced that France has decided to prepare for war with Iran.
NEW:  French foreign minister Bernard Kouchner has stated that France has decided to prepare for war with Iran.
NEW:  French foreign minister Bernard Kouchner has announced that France has decided to",5.198274374008179,"Millie Marotta's book, Animal Kingdom, features detailed line illustrations .
The £3.99 book is currently #1 on Amazon's Top 100 Books list .
The 36-year-old illustrator resides and works in Tenby, Wales ."
"New: French Foreign Minister Bernard Kouchner has announced a meeting with the Scottish Parliament to discuss the possibility of war with Iran. Kouchner stated that the French government is prepared to prepare for the possibility of war with Iran. The meeting is scheduled for the 20th of October. The meeting will focus on the potential for Iran to use nuclear weapons, the potential for a nuclear-armed country to invade, and the potential for a global nuclear arms race. Kouchner emphasized that the French government is prepared to take a ""serious"" stance against Iran, and that the West has resolved its nuclear concerns in the past. He",6.0994226932525635,"Labour's Liam Byrne left a memo for the incoming Coalition government .
The letter, left on Mr Byrne's desk, read: 'I'm afraid there is no money'
Treasury Secretary Danny Alexander has finally responded to the note .
Mr Alexander wrote: 'Sorry for the late reply, I've been fixing the economy'"
"New:  BBC News reports on the latest international incidents, including a hostage situation in the UK, a ceasefire in the Middle East, and a potential threat from Iran.

Article: London, England (BBC News) --  The UK government has announced that it will take immediate action to address the growing number of international incidents, including a hostage situation in the UK, a ceasefire in the Middle East, and a potential threat from Iran.

Details:
*   **H hostage situation:** The UK government has announced that it will take immediate action to address the growing number of international incidents, including a hostage situation in the UK, a",6.031946897506714,"Ryan Giggs apologises for his eight-year affair with brother's wife .
Manchester United legend rang his brother out of the blue after four years .
Rhodri's wife Natasha aborted Ryan's baby just before marrying Rhodri .
Natasha and Rhodri attempted to stay together but divorced in 2013 .
Former footballer also had affair with Big Brother star Imogen Thomas ."
"New: London, England (CNN) - A British police officer has been fired after being found to have been seen in a fashion show, which was held in the heart of London. The officer was seen in a black suit, with a distinctive scar on his left shoulder. The garment was reportedly a ""street style"" and was reportedly a ""stylish and edgy"" piece. The officer was fired after being found to have been seen in a fashion show that was held in the heart of London. The report is being shared by the London Metropolitan Police Flying Squad.
Article: LONDON, England (Reuters) - A British police officer has been",7.063068389892578,"Police say the thieves gained entry through the building's communal elevator shaft .
Police give no value of the amount taken in the heist in London's jewelry district .
There's no evidence of forced entry to the building, police say ."
"*   A Scotland football player has been recalled from the Scottish Cup final after being suspended for 10 days for a doping-related incident.
*   The incident occurred in Scotland, and the player was found in a state of distress.
*   The player was reported to the police and was taken to the Scottish National Hospital.
*   The player was released on bail, but he is still facing charges of doping.
*   The incident is considered a significant doping violation and is under investigation.
*   The player is currently being treated at the Scottish National Hospital.
*   The incident is being discussed by the",5.973850965499878,"Stuart Armstrong has backed Jackie McNamara to come good again .
McNamara faced a furious fan backlash recently amid woeful results .
Club have won once since Armstrong and Gary Mackay-Steven left .
Was also revealed that McNamara receives cut of transfer fees ."
"The UK broadcaster, Channel 4, has announced a statement regarding a staff member's alleged involvement in a series of alleged assaults and harassment. The staff member, who is reportedly a former employee of the company, was fired from the company on April 10th, citing allegations of unprofessional conduct and alleged violations of company policy. The staff member's manager, Robert Davis, stated that he was dismissed for ""unprofessional conduct"" and ""unreasonable violations of company policy."" The company has not yet taken any action on the allegations. The staff member was fired on April 10th, according to the statement from the company",7.150254964828491,"Police officer in Sand Springs, Oklahoma, shot Donald Allen on April 11 .
Brian Barnett, 25, killed Allen, 66, after man made threatening statements .
Bodycam footage showed Allen advancing with loaded, 22-caliber pistol .
Sand Springs Police Department turned findings over to Tulsa County DA .
Video was released after being recovered from a malfunctioning camera ."
Article:,0.1265239715576172,"Prosecutors have called more than 100 witnesses to testify .
Defense team expected to wrap up within a day or two .
The 15 jurors could be sent out early next week to deliberate .
Hernandez has pleaded not guilty to shooting dead Odin Lloyd ."
"New:  Chadian President Abd al-Rahman Musharraf has called for a meeting with the UN to discuss the potential escalation of the Iran nuclear program.
New:  French Foreign Minister Bernard Kouchner has stated that France has to prepare for the possibility of war against Iran over its nuclear program.
New:  The United Nations Security Council has called for a meeting to discuss the nuclear program.
New:  The United States has stated that it will not be able to provide any assistance to Iran in the face of the nuclear program.
New:  The United Nations General Assembly has called for a meeting to discuss the",5.3588526248931885,"Started dating in July 2014, two months after her split from ex-husband .
Second wedding for Nikki following previous marriage to Paul McDonald .
Tied the knot in romantic ceremony in Santa Monica mountains .
Guests included Lea Michele and her boyfriend Matthew Paetz ."
"NEW: The world's biggest and most powerful physics experiment is taking place as you read this. The Large Hadron Collider (LHC), a particle accelerator and the largest machine in the world, is ready for action following a two-year shutdown. After problems that delayed the restart in March, scientists at CERN have completed final tests, enabling the first beams to start circulating Sunday inside the LHC's 17 mile (27 km) ring. ""Operating accelerators for the benefit of the physics community is what CERN's here for,"" CERN Director-General Rolf Heuer said on the organization's website. ""Today, CERN",5.02881383895874,"The Large Hadron Collider (LHC) begins again after a two-year shutdown .
The restart was delayed in March ."
"The French Foreign Minister Bernard Kouchner has been in consultation with the US Secretary of State Antony Blinken to discuss potential diplomatic strategies to counter Iran's nuclear program. The US Secretary of State has been briefed on the situation in Chad and the possibility of a diplomatic intervention. The US Secretary of State has also expressed concerns about the potential for Iranian nuclear weapons to be used against the United States. The US Secretary of State has also been involved in negotiations with the Iranian government to find a way to release the hostages. The US Secretary of State has been briefed on the situation in the region, and has been trying to reach out to Tehran to",6.159999370574951,"Teenage suicide bomber Abu Hafs al Badri is referred to as the cousin of ISIS leader Abu Bakr al-Baghdadi .
In January, a 14-year-old fighter Abu Hassan al-Shami, blew himself up in Salahuddin province, Iraq .
The rise in ISIS teenage suicide bombers could indicate how much the jihadi group is struggling to keep territory ."
"New: France has been forced to prepare for war with Iran.
New: France has been forced to prepare for war with Iran.
New: France has been forced to prepare for war with Iran.
New: France has been forced to prepare for war with Iran.
New: France has been forced to prepare for war with Iran.
New: France has been forced to prepare for war with Iran.
New: France has been forced to prepare for war with Iran.
New: France has been forced to prepare for war with Iran.

Article: LONDON, England (CNN) -- The British government has announced a series",6.056286573410034,"Scottish First Minister said Mr Miliband simply 'won't have the votes'
She reiterated her call for Labour to 'work together to lock the Tories out'
Mr Miliband this morning insisted he would not make any deals with SNP .
Labour is expected to suffer heavy losses in Scotland - where it has 41 MPs ."
"New: French Foreign Minister Kouchner has told France to prepare for the possibility of war with Iran. Was a surprise appointment to Nicolas Sarkozy's conservative government. Also the first French Foreign Minister to visit Iraq since 1988. Founder of Medicins Sans Frontiers, also French student leader in May 1968.

Article: ABECHE, Chad (CNN) -- Most of the 103 children that a French charity attempted to take to France from Chad for adoption are neither Sudanese nor orphans, three international aid agencies reported on Thursday. Hundreds of women protest child trafficking and shout anti-French slogans",5.615357398986816,"Mr Yuan was in the accident on March 24 and has been in hospital since .
One girl had been dating him for nine years and another had a son with him .
Police have now launched an investigation into allegations of fraud ."
"The BBC has released a statement regarding the recent allegations of child trafficking and the arrest of a number of children in Chad. The BBC is committed to protecting children and working to bring them to safety. The statement was issued by the BBC's Director of Public Information, Michael Moore, who stated that the BBC is taking the allegations seriously and is working to ensure the safety of children in Chad. The BBC has been working on a plan to provide support to children in need, including providing food, shelter, and medical care. The BBC has also been working on a plan to help children in the region who are facing challenges, such as poverty and",6.0895445346832275,"England start their three Test series against West Indies next Monday .
Stuart Broad is backing captain Alastair Cook to score big runs in series .
Bowler admits he is sorry to see Paul Downton leave role in ECB ."
"New: French Foreign Minister Bernard Kouchner has declared that France has to prepare for the possibility of war against Iran. Was a surprise appointment to Nicolas Sarkozy's conservative government. Also the first French Foreign Minister to visit Iraq since 1988. Founder of Medicins Sans Frontiers, also French student leader in May 1968.

Article:",3.0443644523620605,"Kai Windsor knew from  three that he had been born in the wrong body .
By four he wouldn't wear dresses and by six he wanted to cut his hair short .
Kai came out at school as a transgender and is now referred to as a boy .
At age of 10 he is set to undergo hormone treatment to halt puberty ."
"*   Harry Potter star Daniel Radcliffe has gained access to a £20 million fortune as he turns 18 on Monday, but he insists the money won't cast a spell on him.
*   Daniel Radcliffe as Harry Potter in ""Harry Potter and the Order of the Phoenix"" is set to become 18 on Monday.
*   Harry Potter's career has been a dream, with his early years being filled with success and a long and successful career.
*   Daniel Radcliffe's earnings from the first five Potter films have been held in a trust fund that he has not been able to touch.
",5.922325611114502,"David Cameron revealed that the London Mayor had seen him as a rival .
PM said Mr Johnson 'suddenly realised' his competition was elsewhere .
Comes after he named Johnson, Osborne and May as potential successors .
Mr Cameron also admitted Bullingdon Club past 'cripplingly embarrassing'"
"New: French Foreign Minister Bernard Kouchner has been suspended from his post as the head of the French embassy, after a surprise appointment from the Socialist ranks.
New: France's foreign policy is being examined by the French government, with the aim of countering Iran's nuclear program.
New: There is a significant increase in international aid to help the children in conflict zones.
New: The French government is working to improve the quality of life for children in conflict zones.
New: The French government is working to improve the quality of life for children in conflict zones.
New: The French government is working to improve",6.019381523132324,"Joseph Getty, 26, drove his Range Rover through Belgravia while drunk .
He has been banned from driving for 20 months and fined £1,000 .
Getty is the son of Getty Images founder and great-grandson of oil baron ."
"New: French Foreign Minister Bernard Kouchner has expressed a strong interest in the possibility of war against Iran over its nuclear program. He stated that France would prepare for the possibility of war with Iran, stating that it is a ""serious crisis"" with the potential to destabilize the region. Kouchner emphasized that France would take no steps to harm Iran or to impose sanctions on its regime. He also mentioned that the United Nations is considering a new initiative to help Iran comply with its nuclear program, which is intended to be a ""peaceful solution"" to the crisis. Kouchner's words were met with strong criticism from some",7.379730463027954,"Sarah Stage, 30, welcomed son James Hunter into the world last Tuesday .
The baby boy weighed eight pounds, seven ounces and was 22 inches long .
During her pregnancy Sarah was criticized for her trim figure and abs ."
"The British publicist, Tony Snow, has announced that France has to prepare for the possibility of war with Iran.

Article: France's Foreign Minister, Bernard Kouchner, has stated that France has to prepare for the possibility of war against Iran.

Article: The first French Foreign Minister to visit Iraq since 1988.

Article: A French charity, Zoe's Ark, has launched a campaign to rescue children in conflict zones.

Article: The children of a French charity have been taken to France for adoption.

Article: The international aid agencies have reported that many children in Chad have been living with",5.767658948898315,"More than 400 items from Rick Baker's Cinovation studio will be auctioned .
Artist has worked on hits like Men In Black, Batman Forever and Gremlins .
Baker worked on Michael Jackson's Moonwalker film and Thriller video .
This is first time these items from 64-year-old's collection open to public .
Auction will be held in Los Angeles, California, on May 29 and also online ."
"The French Foreign Minister Bernard Kouchner has decided to step down from his post as Foreign Minister, replacing him by Dana Perino, the White House press secretary. The decision was made after a period of uncertainty and debate, with the interview with the BBC's Richard Evans covering the event. Kouchner was initially met with skepticism, with many critics accusing him of being a ""foreignist"" and potentially a ""nationalist"" figure. However, he later accepted the appointment, citing his strong commitment to human rights and his dedication to the United States. The appointment was met with strong support from the British government, who praised his strong",5.879758596420288,"Joseph O'Riordan, 73, stabbed wife eight times after discovering her affair .
She was left with life-threatening injuries to her torso, chest, arms and back .
Yesterday Brighton Crown Court heard about deal he was ready to offer her .
He had told friend about the idea while in the pub just days before stabbing ."
"* Harry Potter star Daniel Radcliffe gets £20 million fortune as he turns 18 on Monday.
* Young actor says he has no plans to fritter his cash away.
* Radcliffe's earnings from first five Potter films have been held in trust fund.
* Harry Potter's film career has been held in a trust fund.

Article: LONDON, England (CNN) -- Harry Potter star Daniel Radcliffe has gained access to a reported £20 million fortune as he turns 18 on Monday. Young actor says he has no plans to fritter his cash away. Radcliffe's earnings from first five Potter",5.107818841934204,"LA Angel Josh Hamilton filed for divorce from Katie two months ago .
Was around the same time he admitted to a drugs and alcohol relapse .
Reality star insisted there was no 'big fight or blow up' causing the split .
Has maintained she still loves him and will always stand by him ."
"New: British brand Aspinal of London has partnered with luxury British brand Olivia Palermo to design a limited edition Marylebone tote. This limited edition tote features luxurious Amazon brown mock-croc leather and brown hair calf, complete with a built-in phone/tablet charger. The tote is available at Amazon and Macy's (now $113.40). The bag is available in Pecan Black, Black Dahlia, and a large duxbury satchel. The tote is a limited edition piece, and will be available for purchase online. The association of Aspinal with the charity is stated in the press release.",5.262701034545898,"Olivia, 28, has teamed up with luxury British brand to create £995 bag .
Comes with built-in phone charger and all proceeds will go to charity .
Pippa Middleton, Kim Sears and Mollie King are fans of luxury brand ."
New York City FC manager Jason Kreis is finding life increasingly difficult following a patchy start to the season which continued on Thursday night as Philadelphia Union snatched a late draw in a match which had been bossed for long periods by the men in sky blue. The pressure hasn’t reached Manuel Pellegrini proportions. It’s too early for that. New York City FC’s Mehdi Ballouchy opened the scoring before his side were pegged back. Yet Kreis and NYCFC will be under no illusions about the task in hand. Things need to improve. And fast. A superb second half strike from Mehdi Ballouchy looked to have ended,5.305559158325195,"New York City FC's patchy start to the season continued .
Mehdi Ballouchy put the home side ahead but CJ Sapong levelled late on .
City have won just one of their opening six matches in MLS .
David Villa was forced off at half time with a hamstring strain ."
"Article: London, England (Reuters) -- The media has been criticized for its perceived lack of transparency and its reliance on official reporting. Several sources have pointed to inconsistencies and potential biases in the reporting of certain events. One source suggests that the reporting of certain events may be influenced by the media's own biases and agendas. Another source suggests that the reporting of certain events may be influenced by the media's own agendas and perspectives. The article also touches upon the potential for a broader, more objective approach to journalism.

Article:",4.5401129722595215,"Andrea Pirlo scored a stunning free-kick for Juventus against Torino .
However, Juve fell to a 2-1 defeat and missed the chance to wrap up their fourth consecutive Serie A title .
Despite the loss, Juve remain 14 points clear at the top of the league table .
Pirlo is still playing at the top of his game at 35-years-old ."
"* The French Foreign Minister Bernard Kouchner has been under scrutiny for his perceived lack of diplomatic skills, particularly in the context of Iran's nuclear program.
* Kouchner has criticized Iran's nuclear program, particularly its pursuit of nuclear weapons, and has been seen as a potential threat to the United States.
* Kouchner has emphasized the importance of maintaining a strong and independent stance against Iran's nuclear program and has been accused of being seen as a ""foreign agent.""
* He has expressed concern about the potential for Iran to gain influence in the region and has called for a more assertive response to Iran'",5.97379469871521,"Arcade staff discovered the baby girl in the disabled toilets last night .
The newborn was taken to hospital and is described as 'safe and well'
The baby has been named April by staff at Ormskirk Hospital in Southport .
Police say the mother has been found and is receiving medical treatment ."
"A four-year-old boy has returned home after being mauled by his family's newly adopted pit bull. Gavin Tobeck of Lacey, Washington suffered from a broken cheekbone, jaw and nose bridge, and needed sections of a rib to repair his eye sockets after the attack by their dog Smash on April 1. The boy also lost five baby teeth and three permanent tooth buds. In an effort to save her son, 29-year-old Alissa Evans' friend threw hot coffee on the dog which led to the animal releasing his grip on Gavin. Doctors thought that the young boy would not make it,",5.296109199523926,"Gavin Tobeck of Washington was attacked by one-and-a-half-year-old Smash while in his backyard on April 1; he was released late on Tuesday .
During the attack, his mother's friend dumped a cup of hot coffee on the dog to get him to release his grip on Gavin .
The boy suffered from a broken cheekbone, jaw and nose bridge and lost five baby teeth and three permanent tooth buds .
Smash is scheduled to be euthanized on Saturday by Thurston County Animal Service ."
"New: British Foreign Minister to address the possibility of war with Iran. BBC reported that the British Foreign Minister has announced that he will be preparing for the possibility of war with Iran, despite the fact that the article states that the article is a ""surprise appointment"" to the Conservative government. The British Foreign Minister has stated that the situation is ""unpredictable"" and that the UK is not ready to be involved in any military action. He has also stated that the UK will be working closely with Iran to address the situation. The British Foreign Minister has also stated that he is aware of the possibility of a nuclear-armed Iran. The article",6.08151912689209,"SBS sports journalist Scott McIntyre made the comments on the 100th anniversary of the Gallipoli campaign .
He accused Anzac's of war crimes and mocked their bravery .
Outraged social media users launched the hashtag #sackScottMcIntyre .
Minister for Communications Malcolm Turnbull called the comments 'inappropriate' and 'despicable' and called for their condemnation ."
"Article: LONDON, England (CNN) -- The recent dramatic developments in the golf world have prompted a renewed focus on the importance of strategic thinking and the role of the player on the course. The article explores the latest developments in the competition, including the emergence of new players, the increasing number of challenges faced by golfers, and the evolving dynamics of the sport. It also highlights the importance of developing a strong understanding of the game and the impact of personal and social factors on performance. The article suggests that the rise of new players and the increasing number of challenges presented by golfers are likely to significantly impact the sport's future. It also points",6.139474630355835,"Rory McIlroy is favourite to win the 79th Masters at Augusta National .
Bubba Watson is the defending champion and chasing a third Masters win .
Tiger Woods returns to action but has no form and worries over his game .
Jason Day and other big-hitters look set for strong week at Masters 2015 .
COURSE GUIDE: McIlroy and more stars take you round Augusta National .
CLICK HERE for the Masters 2015 leaderboard ."
"The United football team is in a difficult situation. The team is looking for a new coach, and the team is having a lot of problems. The team is in a crisis, and they need to find a new coach. The team is looking for a new coach and is facing difficulties. The team is in a crisis and they need a new coach. The team is in a crisis and they are facing difficulties. The team is in a crisis and they are facing difficulties. The team is in a crisis and they are facing difficulties. The team is in a crisis and they are facing difficulties. The team is in a crisis and they are",6.144390106201172,"Wayne Rooney tells Juan Mata 'every day' England can win Euro 2016 .
Mata was voted Manchester United's player of the month for March .
Manchester United take on Aston Villa in the Premier League on Saturday ."
"The Premier League has been plagued by an unprecedented surge in controversy and controversy, with the league officials issuing a slew of statements and guidelines. The controversy is primarily centered around the use of ""gunshot"" weaponry, with accusations of intentional targeting and the use of weapons by individuals in the public eye. The league officials have issued a statement urging players and fans to be vigilant in their own conduct and to avoid any actions that could be interpreted as a threat to the safety of themselves or others. The statement also includes a statement from the Premier League Commissioner stating that the league is committed to upholding the law and that the league is working to address the concerns",5.84228515625,"Tim Sherwood saw Aston Villa go behind twice before clinching a point in Tuesday's 3-3 draw with QPR .
Christian Benteke scored a hat-trick for the home side as the  relegation strugglers shared the points at Villa Park .
Villa have six  games to secure Premier League safety - including trips to Man City, Tottenham and Southampton ."
"The Premier League is facing a challenging period with a high number of players and a lack of consistent performances. The league is currently in a period of struggle, with a focus on securing a top spot and dealing with the impact of the COVID-19 pandemic. The Premier League is facing a complex situation involving a number of different leagues, including the Premier League, Premier League, League of Legends, and the Premier League. The Premier League is currently in a period of struggle, with a focus on securing a top spot and dealing with the impact of the COVID-19 pandemic. The Premier League is facing a complex situation involving a number of",6.618651390075684,"Diego Costa to be given late fitness test following hamstring injury .
John Obi Mikel will not be included despite recovering from knee injury .
Jon Walters expected to shake off a calk knock for Stoke City .
Marc Muniesa expected back after five games out with hamstring problem ."
"New: French Foreign Minister Bernard Kouchner has been appointed as the new head of the French Foreign Office, a position he has held for over 14 years. The new role is to handle the complex and sensitive issues of foreign policy and security, including the threat of Iran. Kouchner is known for his strong advocacy for human rights, his commitment to multilateralism, and his strong public image. He has been a prominent figure in the French press and has been involved in various international organizations. He is also a vocal advocate for the United States. The French Foreign Office is currently working on a comprehensive plan to address the threats posed",5.636443376541138,"Michael Carrick impressed during England's draw with Italy last week .
But the midfielder has been ordinary in his nine competitive starts .
England won four of those -  Ecuador, San Marino, Poland and Lithuania .
England bosses consistently preferred Steven Gerrard or Frank Lampard ."
"The British government has released a statement from the United Kingdom government, confirming its position regarding the situation surrounding the US nuclear program, including Iran. The statement includes a statement from the White House press secretary, Tony Snow, confirming that the UK is prepared to continue its efforts to support the US nuclear program, including providing humanitarian assistance and military personnel. The statement also includes a statement from the White House press secretary, Dana Perino, confirming that the UK is ready to take a more assertive stance in the face of Iran's nuclear program, particularly regarding its nuclear enrichment program. The statement includes a statement from the White House press secretary, Bernard K",5.55053448677063,"Paul Johnson-Yarosevich, 34, has been charted with prohibited use of a computer ."
"NEW:  French Foreign Minister Bernard Kouchner has announced that France has to prepare for the possibility of war against Iran over its nuclear program. The announcement was made on Monday, in a press conference at the White House. Kouchner stated that France had to prepare for the possibility of war against Iran over its nuclear program, and that the country would be a strong ally in the face of this threat. He also mentioned that France would be a strong ally in the face of the Iranian nuclear program, and that it would be a ""strong ally in the face of the Iranian nuclear program."" Kouchner's words were met with",5.625943183898926,"Luke Shambrook was last seen leaving Candlebark Campground on Friday .
There has been an unconfirmed sighting of Luke with police acting quickly .
The 11-year-old was reportedly seen walking 4 kms from his campsite .
Police remain hopeful they will find Luke, who has 'high pain tolerance'
Luke has limited speech and his family says he is probably confused .
A large search is being carried by a medley of search and rescue teams .
Police also said conditions are favourable for his survival overnight .
They have issued an extensive description of Luke and his clothing ."
"* Harry Potter star Daniel Radcliffe is reportedly receiving a £20 million fortune as he turns 18. He's revealed that he has no plans to spend the money on fast cars, drink, and celebrity parties.
* Daniel Radcliffe is reportedly able to gamble in a casino, buy a drink in a pub or see the horror film ""Hostel: Part II,"" currently six places below his number one movie on the UK box office chart.
* Harry Potter star Daniel Radcliffe as Harry Potter in ""Harry Potter and the Order of the Phoenix"" is reportedly to be forced to take a new job, and his agent and public",5.335078239440918,"Arsene Wenger called for the competition to be scrapped last year .
And Jose Mourinho is in agreement with his great Premier League rival .
The Chelsea boss said: 'Wenger is against the Ballon d’Or, and  he’s right'
They are seven points ahead of Arsenal with a game in hand .
Mourinho: I have a problem, I am getting better and better ."
"New: Staff at the Newcastle United stadium are reporting that the stadium is experiencing an unusual situation with fans. The team has been working on a new approach to the stadium, which includes implementing a new ""fans' lounge"" area. The staff are reportedly working on a new strategy to better manage the fans' experience. The team is reportedly working to improve the seating arrangement and provide more seating. The team is currently exploring a new expansion plan, which includes a new stadium and a new expansion area. The new stadium has been built on a large, unpaved surface. The team is reportedly planning to hire additional staff to help with the new",6.075537443161011,"John Carver insist he's enjoying the Newcastle job despite his results .
The 50-year-old believes he's getting the best out of the players .
Newcastle have won just twice since Carver took charge at the club .
CLICK HERE for all the latest Newcastle United news ."
"*  New: French Foreign Minister Bernard Kouchner has announced a plan to launch a reusable rocket named Vulcan in 2019. Vulcan will be designed to use new engines, mid-air recovery, and a new upper stage to enable complex on-orbit manoeuvres. The company plans to skip returning the entire booster, an approach favoured by rival SpaceX. ULA, a joint venture of Lockheed Martin and Boeing Co, has unveiled a radical plan to launch a reusable rocket named Vulcan in 2019. Vulcan will use new engines, mid-air recovery, and a new upper stage aimed at enabling complex on-",5.9873223304748535,"Vulcan plans to use new engines, mid-air recovery and new upper stage .
Engines will separate after launch and be picked up by helicopter mid-air .
Reusable rockets could end US dependence on Russian rocket engines .
SpaceX today also attempted to prove that reusable rockets are viable ."
"The US Department of Justice has announced that the United States will be implementing a new ""no-tolerance"" policy for transgender people who are not affiliated with the transgender community. This policy will be implemented starting September 14th. The statement included a statement from the Director of the Department of Justice,  John Marks, stating that he will ""sadly accept"" that transgender people are not part of the community. He also mentioned that the department will be working to ensure that transgender people are treated with respect and dignity. He also stated that the department will be creating a ""transgender identity survey"" to help transgender people understand their identities.",5.93490743637085,"Woman charged with assault after attacking 16-year-old McDonald's worker .
Amy Johnson, 38, said the fries had fallen out of their containers .
McDonald's worker used her hands to put them back in the packet .
Johnson ordered new ones and grew angry, going inside the store .
Police have said Johnson aggressively grabbed the teen around the neck .
She stayed silent through today's court proceedings and didn't enter a plea .
She spoke outside court saying the teenager called her a 'dog'"
